Date,Year,Quarter,Month No,Month,Day,Day Name,Week,Year Month
2022-01-01,2022,Q1,1,Jan,1,Saturday,52,2022-01
2022-01-02,2022,Q1,1,Jan,2,Sunday,52,2022-01
2022-01-03,2022,Q1,1,Jan,3,Monday,1,2022-01
2022-01-04,2022,Q1,1,Jan,4,Tuesday,1,2022-01
2022-01-05,2022,Q1,1,Jan,5,Wednesday,1,2022-01
2022-01-06,2022,Q1,1,Jan,6,Thursday,1,2022-01
2022-01-07,2022,Q1,1,Jan,7,Friday,1,2022-01
2022-01-08,2022,Q1,1,Jan,8,Saturday,1,2022-01
2022-01-09,2022,Q1,1,Jan,9,Sunday,1,2022-01
2022-01-10,2022,Q1,1,Jan,10,Monday,2,2022-01
2022-01-11,2022,Q1,1,Jan,11,Tuesday,2,2022-01
2022-01-12,2022,Q1,1,Jan,12,Wednesday,2,2022-01
2022-01-13,2022,Q1,1,Jan,13,Thursday,2,2022-01
2022-01-14,2022,Q1,1,Jan,14,Friday,2,2022-01
2022-01-15,2022,Q1,1,Jan,15,Saturday,2,2022-01
2022-01-16,2022,Q1,1,Jan,16,Sunday,2,2022-01
2022-01-17,2022,Q1,1,Jan,17,Monday,3,2022-01
2022-01-18,2022,Q1,1,Jan,18,Tuesday,3,2022-01
2022-01-19,2022,Q1,1,Jan,19,Wednesday,3,2022-01
2022-01-20,2022,Q1,1,Jan,20,Thursday,3,2022-01
2022-01-21,2022,Q1,1,Jan,21,Friday,3,2022-01
2022-01-22,2022,Q1,1,Jan,22,Saturday,3,2022-01
2022-01-23,2022,Q1,1,Jan,23,Sunday,3,2022-01
2022-01-24,2022,Q1,1,Jan,24,Monday,4,2022-01
2022-01-25,2022,Q1,1,Jan,25,Tuesday,4,2022-01
2022-01-26,2022,Q1,1,Jan,26,Wednesday,4,2022-01
2022-01-27,2022,Q1,1,Jan,27,Thursday,4,2022-01
2022-01-28,2022,Q1,1,Jan,28,Friday,4,2022-01
2022-01-29,2022,Q1,1,Jan,29,Saturday,4,2022-01
2022-01-30,2022,Q1,1,Jan,30,Sunday,4,2022-01
2022-01-31,2022,Q1,1,Jan,31,Monday,5,2022-01
2022-02-01,2022,Q1,2,Feb,1,Tuesday,5,2022-02
2022-02-02,2022,Q1,2,Feb,2,Wednesday,5,2022-02
2022-02-03,2022,Q1,2,Feb,3,Thursday,5,2022-02
2022-02-04,2022,Q1,2,Feb,4,Friday,5,2022-02
2022-02-05,2022,Q1,2,Feb,5,Saturday,5,2022-02
2022-02-06,2022,Q1,2,Feb,6,Sunday,5,2022-02
2022-02-07,2022,Q1,2,Feb,7,Monday,6,2022-02
2022-02-08,2022,Q1,2,Feb,8,Tuesday,6,2022-02
2022-02-09,2022,Q1,2,Feb,9,Wednesday,6,2022-02
2022-02-10,2022,Q1,2,Feb,10,Thursday,6,2022-02
2022-02-11,2022,Q1,2,Feb,11,Friday,6,2022-02
2022-02-12,2022,Q1,2,Feb,12,Saturday,6,2022-02
2022-02-13,2022,Q1,2,Feb,13,Sunday,6,2022-02
2022-02-14,2022,Q1,2,Feb,14,Monday,7,2022-02
2022-02-15,2022,Q1,2,Feb,15,Tuesday,7,2022-02
2022-02-16,2022,Q1,2,Feb,16,Wednesday,7,2022-02
2022-02-17,2022,Q1,2,Feb,17,Thursday,7,2022-02
2022-02-18,2022,Q1,2,Feb,18,Friday,7,2022-02
2022-02-19,2022,Q1,2,Feb,19,Saturday,7,2022-02
2022-02-20,2022,Q1,2,Feb,20,Sunday,7,2022-02
2022-02-21,2022,Q1,2,Feb,21,Monday,8,2022-02
2022-02-22,2022,Q1,2,Feb,22,Tuesday,8,2022-02
2022-02-23,2022,Q1,2,Feb,23,Wednesday,8,2022-02
2022-02-24,2022,Q1,2,Feb,24,Thursday,8,2022-02
2022-02-25,2022,Q1,2,Feb,25,Friday,8,2022-02
2022-02-26,2022,Q1,2,Feb,26,Saturday,8,2022-02
2022-02-27,2022,Q1,2,Feb,27,Sunday,8,2022-02
2022-02-28,2022,Q1,2,Feb,28,Monday,9,2022-02
2022-03-01,2022,Q1,3,Mar,1,Tuesday,9,2022-03
2022-03-02,2022,Q1,3,Mar,2,Wednesday,9,2022-03
2022-03-03,2022,Q1,3,Mar,3,Thursday,9,2022-03
2022-03-04,2022,Q1,3,Mar,4,Friday,9,2022-03
2022-03-05,2022,Q1,3,Mar,5,Saturday,9,2022-03
2022-03-06,2022,Q1,3,Mar,6,Sunday,9,2022-03
2022-03-07,2022,Q1,3,Mar,7,Monday,10,2022-03
2022-03-08,2022,Q1,3,Mar,8,Tuesday,10,2022-03
2022-03-09,2022,Q1,3,Mar,9,Wednesday,10,2022-03
2022-03-10,2022,Q1,3,Mar,10,Thursday,10,2022-03
2022-03-11,2022,Q1,3,Mar,11,Friday,10,2022-03
2022-03-12,2022,Q1,3,Mar,12,Saturday,10,2022-03
2022-03-13,2022,Q1,3,Mar,13,Sunday,10,2022-03
2022-03-14,2022,Q1,3,Mar,14,Monday,11,2022-03
2022-03-15,2022,Q1,3,Mar,15,Tuesday,11,2022-03
2022-03-16,2022,Q1,3,Mar,16,Wednesday,11,2022-03
2022-03-17,2022,Q1,3,Mar,17,Thursday,11,2022-03
2022-03-18,2022,Q1,3,Mar,18,Friday,11,2022-03
2022-03-19,2022,Q1,3,Mar,19,Saturday,11,2022-03
2022-03-20,2022,Q1,3,Mar,20,Sunday,11,2022-03
2022-03-21,2022,Q1,3,Mar,21,Monday,12,2022-03
2022-03-22,2022,Q1,3,Mar,22,Tuesday,12,2022-03
2022-03-23,2022,Q1,3,Mar,23,Wednesday,12,2022-03
2022-03-24,2022,Q1,3,Mar,24,Thursday,12,2022-03
2022-03-25,2022,Q1,3,Mar,25,Friday,12,2022-03
2022-03-26,2022,Q1,3,Mar,26,Saturday,12,2022-03
2022-03-27,2022,Q1,3,Mar,27,Sunday,12,2022-03
2022-03-28,2022,Q1,3,Mar,28,Monday,13,2022-03
2022-03-29,2022,Q1,3,Mar,29,Tuesday,13,2022-03
2022-03-30,2022,Q1,3,Mar,30,Wednesday,13,2022-03
2022-03-31,2022,Q1,3,Mar,31,Thursday,13,2022-03
2022-04-01,2022,Q2,4,Apr,1,Friday,13,2022-04
2022-04-02,2022,Q2,4,Apr,2,Saturday,13,2022-04
2022-04-03,2022,Q2,4,Apr,3,Sunday,13,2022-04
2022-04-04,2022,Q2,4,Apr,4,Monday,14,2022-04
2022-04-05,2022,Q2,4,Apr,5,Tuesday,14,2022-04
2022-04-06,2022,Q2,4,Apr,6,Wednesday,14,2022-04
2022-04-07,2022,Q2,4,Apr,7,Thursday,14,2022-04
2022-04-08,2022,Q2,4,Apr,8,Friday,14,2022-04
2022-04-09,2022,Q2,4,Apr,9,Saturday,14,2022-04
2022-04-10,2022,Q2,4,Apr,10,Sunday,14,2022-04
2022-04-11,2022,Q2,4,Apr,11,Monday,15,2022-04
2022-04-12,2022,Q2,4,Apr,12,Tuesday,15,2022-04
2022-04-13,2022,Q2,4,Apr,13,Wednesday,15,2022-04
2022-04-14,2022,Q2,4,Apr,14,Thursday,15,2022-04
2022-04-15,2022,Q2,4,Apr,15,Friday,15,2022-04
2022-04-16,2022,Q2,4,Apr,16,Saturday,15,2022-04
2022-04-17,2022,Q2,4,Apr,17,Sunday,15,2022-04
2022-04-18,2022,Q2,4,Apr,18,Monday,16,2022-04
2022-04-19,2022,Q2,4,Apr,19,Tuesday,16,2022-04
2022-04-20,2022,Q2,4,Apr,20,Wednesday,16,2022-04
2022-04-21,2022,Q2,4,Apr,21,Thursday,16,2022-04
2022-04-22,2022,Q2,4,Apr,22,Friday,16,2022-04
2022-04-23,2022,Q2,4,Apr,23,Saturday,16,2022-04
2022-04-24,2022,Q2,4,Apr,24,Sunday,16,2022-04
2022-04-25,2022,Q2,4,Apr,25,Monday,17,2022-04
2022-04-26,2022,Q2,4,Apr,26,Tuesday,17,2022-04
2022-04-27,2022,Q2,4,Apr,27,Wednesday,17,2022-04
2022-04-28,2022,Q2,4,Apr,28,Thursday,17,2022-04
2022-04-29,2022,Q2,4,Apr,29,Friday,17,2022-04
2022-04-30,2022,Q2,4,Apr,30,Saturday,17,2022-04
2022-05-01,2022,Q2,5,May,1,Sunday,17,2022-05
2022-05-02,2022,Q2,5,May,2,Monday,18,2022-05
2022-05-03,2022,Q2,5,May,3,Tuesday,18,2022-05
2022-05-04,2022,Q2,5,May,4,Wednesday,18,2022-05
2022-05-05,2022,Q2,5,May,5,Thursday,18,2022-05
2022-05-06,2022,Q2,5,May,6,Friday,18,2022-05
2022-05-07,2022,Q2,5,May,7,Saturday,18,2022-05
2022-05-08,2022,Q2,5,May,8,Sunday,18,2022-05
2022-05-09,2022,Q2,5,May,9,Monday,19,2022-05
2022-05-10,2022,Q2,5,May,10,Tuesday,19,2022-05
2022-05-11,2022,Q2,5,May,11,Wednesday,19,2022-05
2022-05-12,2022,Q2,5,May,12,Thursday,19,2022-05
2022-05-13,2022,Q2,5,May,13,Friday,19,2022-05
2022-05-14,2022,Q2,5,May,14,Saturday,19,2022-05
2022-05-15,2022,Q2,5,May,15,Sunday,19,2022-05
2022-05-16,2022,Q2,5,May,16,Monday,20,2022-05
2022-05-17,2022,Q2,5,May,17,Tuesday,20,2022-05
2022-05-18,2022,Q2,5,May,18,Wednesday,20,2022-05
2022-05-19,2022,Q2,5,May,19,Thursday,20,2022-05
2022-05-20,2022,Q2,5,May,20,Friday,20,2022-05
2022-05-21,2022,Q2,5,May,21,Saturday,20,2022-05
2022-05-22,2022,Q2,5,May,22,Sunday,20,2022-05
2022-05-23,2022,Q2,5,May,23,Monday,21,2022-05
2022-05-24,2022,Q2,5,May,24,Tuesday,21,2022-05
2022-05-25,2022,Q2,5,May,25,Wednesday,21,2022-05
2022-05-26,2022,Q2,5,May,26,Thursday,21,2022-05
2022-05-27,2022,Q2,5,May,27,Friday,21,2022-05
2022-05-28,2022,Q2,5,May,28,Saturday,21,2022-05
2022-05-29,2022,Q2,5,May,29,Sunday,21,2022-05
2022-05-30,2022,Q2,5,May,30,Monday,22,2022-05
2022-05-31,2022,Q2,5,May,31,Tuesday,22,2022-05
2022-06-01,2022,Q2,6,Jun,1,Wednesday,22,2022-06
2022-06-02,2022,Q2,6,Jun,2,Thursday,22,2022-06
2022-06-03,2022,Q2,6,Jun,3,Friday,22,2022-06
2022-06-04,2022,Q2,6,Jun,4,Saturday,22,2022-06
2022-06-05,2022,Q2,6,Jun,5,Sunday,22,2022-06
2022-06-06,2022,Q2,6,Jun,6,Monday,23,2022-06
2022-06-07,2022,Q2,6,Jun,7,Tuesday,23,2022-06
2022-06-08,2022,Q2,6,Jun,8,Wednesday,23,2022-06
2022-06-09,2022,Q2,6,Jun,9,Thursday,23,2022-06
2022-06-10,2022,Q2,6,Jun,10,Friday,23,2022-06
2022-06-11,2022,Q2,6,Jun,11,Saturday,23,2022-06
2022-06-12,2022,Q2,6,Jun,12,Sunday,23,2022-06
2022-06-13,2022,Q2,6,Jun,13,Monday,24,2022-06
2022-06-14,2022,Q2,6,Jun,14,Tuesday,24,2022-06
2022-06-15,2022,Q2,6,Jun,15,Wednesday,24,2022-06
2022-06-16,2022,Q2,6,Jun,16,Thursday,24,2022-06
2022-06-17,2022,Q2,6,Jun,17,Friday,24,2022-06
2022-06-18,2022,Q2,6,Jun,18,Saturday,24,2022-06
2022-06-19,2022,Q2,6,Jun,19,Sunday,24,2022-06
2022-06-20,2022,Q2,6,Jun,20,Monday,25,2022-06
2022-06-21,2022,Q2,6,Jun,21,Tuesday,25,2022-06
2022-06-22,2022,Q2,6,Jun,22,Wednesday,25,2022-06
2022-06-23,2022,Q2,6,Jun,23,Thursday,25,2022-06
2022-06-24,2022,Q2,6,Jun,24,Friday,25,2022-06
2022-06-25,2022,Q2,6,Jun,25,Saturday,25,2022-06
2022-06-26,2022,Q2,6,Jun,26,Sunday,25,2022-06
2022-06-27,2022,Q2,6,Jun,27,Monday,26,2022-06
2022-06-28,2022,Q2,6,Jun,28,Tuesday,26,2022-06
2022-06-29,2022,Q2,6,Jun,29,Wednesday,26,2022-06
2022-06-30,2022,Q2,6,Jun,30,Thursday,26,2022-06
2022-07-01,2022,Q3,7,Jul,1,Friday,26,2022-07
2022-07-02,2022,Q3,7,Jul,2,Saturday,26,2022-07
2022-07-03,2022,Q3,7,Jul,3,Sunday,26,2022-07
2022-07-04,2022,Q3,7,Jul,4,Monday,27,2022-07
2022-07-05,2022,Q3,7,Jul,5,Tuesday,27,2022-07
2022-07-06,2022,Q3,7,Jul,6,Wednesday,27,2022-07
2022-07-07,2022,Q3,7,Jul,7,Thursday,27,2022-07
2022-07-08,2022,Q3,7,Jul,8,Friday,27,2022-07
2022-07-09,2022,Q3,7,Jul,9,Saturday,27,2022-07
2022-07-10,2022,Q3,7,Jul,10,Sunday,27,2022-07
2022-07-11,2022,Q3,7,Jul,11,Monday,28,2022-07
2022-07-12,2022,Q3,7,Jul,12,Tuesday,28,2022-07
2022-07-13,2022,Q3,7,Jul,13,Wednesday,28,2022-07
2022-07-14,2022,Q3,7,Jul,14,Thursday,28,2022-07
2022-07-15,2022,Q3,7,Jul,15,Friday,28,2022-07
2022-07-16,2022,Q3,7,Jul,16,Saturday,28,2022-07
2022-07-17,2022,Q3,7,Jul,17,Sunday,28,2022-07
2022-07-18,2022,Q3,7,Jul,18,Monday,29,2022-07
2022-07-19,2022,Q3,7,Jul,19,Tuesday,29,2022-07
2022-07-20,2022,Q3,7,Jul,20,Wednesday,29,2022-07
2022-07-21,2022,Q3,7,Jul,21,Thursday,29,2022-07
2022-07-22,2022,Q3,7,Jul,22,Friday,29,2022-07
2022-07-23,2022,Q3,7,Jul,23,Saturday,29,2022-07
2022-07-24,2022,Q3,7,Jul,24,Sunday,29,2022-07
2022-07-25,2022,Q3,7,Jul,25,Monday,30,2022-07
2022-07-26,2022,Q3,7,Jul,26,Tuesday,30,2022-07
2022-07-27,2022,Q3,7,Jul,27,Wednesday,30,2022-07
2022-07-28,2022,Q3,7,Jul,28,Thursday,30,2022-07
2022-07-29,2022,Q3,7,Jul,29,Friday,30,2022-07
2022-07-30,2022,Q3,7,Jul,30,Saturday,30,2022-07
2022-07-31,2022,Q3,7,Jul,31,Sunday,30,2022-07
2022-08-01,2022,Q3,8,Aug,1,Monday,31,2022-08
2022-08-02,2022,Q3,8,Aug,2,Tuesday,31,2022-08
2022-08-03,2022,Q3,8,Aug,3,Wednesday,31,2022-08
2022-08-04,2022,Q3,8,Aug,4,Thursday,31,2022-08
2022-08-05,2022,Q3,8,Aug,5,Friday,31,2022-08
2022-08-06,2022,Q3,8,Aug,6,Saturday,31,2022-08
2022-08-07,2022,Q3,8,Aug,7,Sunday,31,2022-08
2022-08-08,2022,Q3,8,Aug,8,Monday,32,2022-08
2022-08-09,2022,Q3,8,Aug,9,Tuesday,32,2022-08
2022-08-10,2022,Q3,8,Aug,10,Wednesday,32,2022-08
2022-08-11,2022,Q3,8,Aug,11,Thursday,32,2022-08
2022-08-12,2022,Q3,8,Aug,12,Friday,32,2022-08
2022-08-13,2022,Q3,8,Aug,13,Saturday,32,2022-08
2022-08-14,2022,Q3,8,Aug,14,Sunday,32,2022-08
2022-08-15,2022,Q3,8,Aug,15,Monday,33,2022-08
2022-08-16,2022,Q3,8,Aug,16,Tuesday,33,2022-08
2022-08-17,2022,Q3,8,Aug,17,Wednesday,33,2022-08
2022-08-18,2022,Q3,8,Aug,18,Thursday,33,2022-08
2022-08-19,2022,Q3,8,Aug,19,Friday,33,2022-08
2022-08-20,2022,Q3,8,Aug,20,Saturday,33,2022-08
2022-08-21,2022,Q3,8,Aug,21,Sunday,33,2022-08
2022-08-22,2022,Q3,8,Aug,22,Monday,34,2022-08
2022-08-23,2022,Q3,8,Aug,23,Tuesday,34,2022-08
2022-08-24,2022,Q3,8,Aug,24,Wednesday,34,2022-08
2022-08-25,2022,Q3,8,Aug,25,Thursday,34,2022-08
2022-08-26,2022,Q3,8,Aug,26,Friday,34,2022-08
2022-08-27,2022,Q3,8,Aug,27,Saturday,34,2022-08
2022-08-28,2022,Q3,8,Aug,28,Sunday,34,2022-08
2022-08-29,2022,Q3,8,Aug,29,Monday,35,2022-08
2022-08-30,2022,Q3,8,Aug,30,Tuesday,35,2022-08
2022-08-31,2022,Q3,8,Aug,31,Wednesday,35,2022-08
2022-09-01,2022,Q3,9,Sep,1,Thursday,35,2022-09
2022-09-02,2022,Q3,9,Sep,2,Friday,35,2022-09
2022-09-03,2022,Q3,9,Sep,3,Saturday,35,2022-09
2022-09-04,2022,Q3,9,Sep,4,Sunday,35,2022-09
2022-09-05,2022,Q3,9,Sep,5,Monday,36,2022-09
2022-09-06,2022,Q3,9,Sep,6,Tuesday,36,2022-09
2022-09-07,2022,Q3,9,Sep,7,Wednesday,36,2022-09
2022-09-08,2022,Q3,9,Sep,8,Thursday,36,2022-09
2022-09-09,2022,Q3,9,Sep,9,Friday,36,2022-09
2022-09-10,2022,Q3,9,Sep,10,Saturday,36,2022-09
2022-09-11,2022,Q3,9,Sep,11,Sunday,36,2022-09
2022-09-12,2022,Q3,9,Sep,12,Monday,37,2022-09
2022-09-13,2022,Q3,9,Sep,13,Tuesday,37,2022-09
2022-09-14,2022,Q3,9,Sep,14,Wednesday,37,2022-09
2022-09-15,2022,Q3,9,Sep,15,Thursday,37,2022-09
2022-09-16,2022,Q3,9,Sep,16,Friday,37,2022-09
2022-09-17,2022,Q3,9,Sep,17,Saturday,37,2022-09
2022-09-18,2022,Q3,9,Sep,18,Sunday,37,2022-09
2022-09-19,2022,Q3,9,Sep,19,Monday,38,2022-09
2022-09-20,2022,Q3,9,Sep,20,Tuesday,38,2022-09
2022-09-21,2022,Q3,9,Sep,21,Wednesday,38,2022-09
2022-09-22,2022,Q3,9,Sep,22,Thursday,38,2022-09
2022-09-23,2022,Q3,9,Sep,23,Friday,38,2022-09
2022-09-24,2022,Q3,9,Sep,24,Saturday,38,2022-09
2022-09-25,2022,Q3,9,Sep,25,Sunday,38,2022-09
2022-09-26,2022,Q3,9,Sep,26,Monday,39,2022-09
2022-09-27,2022,Q3,9,Sep,27,Tuesday,39,2022-09
2022-09-28,2022,Q3,9,Sep,28,Wednesday,39,2022-09
2022-09-29,2022,Q3,9,Sep,29,Thursday,39,2022-09
2022-09-30,2022,Q3,9,Sep,30,Friday,39,2022-09
2022-10-01,2022,Q4,10,Oct,1,Saturday,39,2022-10
2022-10-02,2022,Q4,10,Oct,2,Sunday,39,2022-10
2022-10-03,2022,Q4,10,Oct,3,Monday,40,2022-10
2022-10-04,2022,Q4,10,Oct,4,Tuesday,40,2022-10
2022-10-05,2022,Q4,10,Oct,5,Wednesday,40,2022-10
2022-10-06,2022,Q4,10,Oct,6,Thursday,40,2022-10
2022-10-07,2022,Q4,10,Oct,7,Friday,40,2022-10
2022-10-08,2022,Q4,10,Oct,8,Saturday,40,2022-10
2022-10-09,2022,Q4,10,Oct,9,Sunday,40,2022-10
2022-10-10,2022,Q4,10,Oct,10,Monday,41,2022-10
2022-10-11,2022,Q4,10,Oct,11,Tuesday,41,2022-10
2022-10-12,2022,Q4,10,Oct,12,Wednesday,41,2022-10
2022-10-13,2022,Q4,10,Oct,13,Thursday,41,2022-10
2022-10-14,2022,Q4,10,Oct,14,Friday,41,2022-10
2022-10-15,2022,Q4,10,Oct,15,Saturday,41,2022-10
2022-10-16,2022,Q4,10,Oct,16,Sunday,41,2022-10
2022-10-17,2022,Q4,10,Oct,17,Monday,42,2022-10
2022-10-18,2022,Q4,10,Oct,18,Tuesday,42,2022-10
2022-10-19,2022,Q4,10,Oct,19,Wednesday,42,2022-10
2022-10-20,2022,Q4,10,Oct,20,Thursday,42,2022-10
2022-10-21,2022,Q4,10,Oct,21,Friday,42,2022-10
2022-10-22,2022,Q4,10,Oct,22,Saturday,42,2022-10
2022-10-23,2022,Q4,10,Oct,23,Sunday,42,2022-10
2022-10-24,2022,Q4,10,Oct,24,Monday,43,2022-10
2022-10-25,2022,Q4,10,Oct,25,Tuesday,43,2022-10
2022-10-26,2022,Q4,10,Oct,26,Wednesday,43,2022-10
2022-10-27,2022,Q4,10,Oct,27,Thursday,43,2022-10
2022-10-28,2022,Q4,10,Oct,28,Friday,43,2022-10
2022-10-29,2022,Q4,10,Oct,29,Saturday,43,2022-10
2022-10-30,2022,Q4,10,Oct,30,Sunday,43,2022-10
2022-10-31,2022,Q4,10,Oct,31,Monday,44,2022-10
2022-11-01,2022,Q4,11,Nov,1,Tuesday,44,2022-11
2022-11-02,2022,Q4,11,Nov,2,Wednesday,44,2022-11
2022-11-03,2022,Q4,11,Nov,3,Thursday,44,2022-11
2022-11-04,2022,Q4,11,Nov,4,Friday,44,2022-11
2022-11-05,2022,Q4,11,Nov,5,Saturday,44,2022-11
2022-11-06,2022,Q4,11,Nov,6,Sunday,44,2022-11
2022-11-07,2022,Q4,11,Nov,7,Monday,45,2022-11
2022-11-08,2022,Q4,11,Nov,8,Tuesday,45,2022-11
2022-11-09,2022,Q4,11,Nov,9,Wednesday,45,2022-11
2022-11-10,2022,Q4,11,Nov,10,Thursday,45,2022-11
2022-11-11,2022,Q4,11,Nov,11,Friday,45,2022-11
2022-11-12,2022,Q4,11,Nov,12,Saturday,45,2022-11
2022-11-13,2022,Q4,11,Nov,13,Sunday,45,2022-11
2022-11-14,2022,Q4,11,Nov,14,Monday,46,2022-11
2022-11-15,2022,Q4,11,Nov,15,Tuesday,46,2022-11
2022-11-16,2022,Q4,11,Nov,16,Wednesday,46,2022-11
2022-11-17,2022,Q4,11,Nov,17,Thursday,46,2022-11
2022-11-18,2022,Q4,11,Nov,18,Friday,46,2022-11
2022-11-19,2022,Q4,11,Nov,19,Saturday,46,2022-11
2022-11-20,2022,Q4,11,Nov,20,Sunday,46,2022-11
2022-11-21,2022,Q4,11,Nov,21,Monday,47,2022-11
2022-11-22,2022,Q4,11,Nov,22,Tuesday,47,2022-11
2022-11-23,2022,Q4,11,Nov,23,Wednesday,47,2022-11
2022-11-24,2022,Q4,11,Nov,24,Thursday,47,2022-11
2022-11-25,2022,Q4,11,Nov,25,Friday,47,2022-11
2022-11-26,2022,Q4,11,Nov,26,Saturday,47,2022-11
2022-11-27,2022,Q4,11,Nov,27,Sunday,47,2022-11
2022-11-28,2022,Q4,11,Nov,28,Monday,48,2022-11
2022-11-29,2022,Q4,11,Nov,29,Tuesday,48,2022-11
2022-11-30,2022,Q4,11,Nov,30,Wednesday,48,2022-11
2022-12-01,2022,Q4,12,Dec,1,Thursday,48,2022-12
2022-12-02,2022,Q4,12,Dec,2,Friday,48,2022-12
2022-12-03,2022,Q4,12,Dec,3,Saturday,48,2022-12
2022-12-04,2022,Q4,12,Dec,4,Sunday,48,2022-12
2022-12-05,2022,Q4,12,Dec,5,Monday,49,2022-12
2022-12-06,2022,Q4,12,Dec,6,Tuesday,49,2022-12
2022-12-07,2022,Q4,12,Dec,7,Wednesday,49,2022-12
2022-12-08,2022,Q4,12,Dec,8,Thursday,49,2022-12
2022-12-09,2022,Q4,12,Dec,9,Friday,49,2022-12
2022-12-10,2022,Q4,12,Dec,10,Saturday,49,2022-12
2022-12-11,2022,Q4,12,Dec,11,Sunday,49,2022-12
2022-12-12,2022,Q4,12,Dec,12,Monday,50,2022-12
2022-12-13,2022,Q4,12,Dec,13,Tuesday,50,2022-12
2022-12-14,2022,Q4,12,Dec,14,Wednesday,50,2022-12
2022-12-15,2022,Q4,12,Dec,15,Thursday,50,2022-12
2022-12-16,2022,Q4,12,Dec,16,Friday,50,2022-12
2022-12-17,2022,Q4,12,Dec,17,Saturday,50,2022-12
2022-12-18,2022,Q4,12,Dec,18,Sunday,50,2022-12
2022-12-19,2022,Q4,12,Dec,19,Monday,51,2022-12
2022-12-20,2022,Q4,12,Dec,20,Tuesday,51,2022-12
2022-12-21,2022,Q4,12,Dec,21,Wednesday,51,2022-12
2022-12-22,2022,Q4,12,Dec,22,Thursday,51,2022-12
2022-12-23,2022,Q4,12,Dec,23,Friday,51,2022-12
2022-12-24,2022,Q4,12,Dec,24,Saturday,51,2022-12
2022-12-25,2022,Q4,12,Dec,25,Sunday,51,2022-12
2022-12-26,2022,Q4,12,Dec,26,Monday,52,2022-12
2022-12-27,2022,Q4,12,Dec,27,Tuesday,52,2022-12
2022-12-28,2022,Q4,12,Dec,28,Wednesday,52,2022-12
2022-12-29,2022,Q4,12,Dec,29,Thursday,52,2022-12
2022-12-30,2022,Q4,12,Dec,30,Friday,52,2022-12
2022-12-31,2022,Q4,12,Dec,31,Saturday,52,2022-12
2023-01-01,2023,Q1,1,Jan,1,Sunday,52,2023-01
2023-01-02,2023,Q1,1,Jan,2,Monday,1,2023-01
2023-01-03,2023,Q1,1,Jan,3,Tuesday,1,2023-01
2023-01-04,2023,Q1,1,Jan,4,Wednesday,1,2023-01
2023-01-05,2023,Q1,1,Jan,5,Thursday,1,2023-01
2023-01-06,2023,Q1,1,Jan,6,Friday,1,2023-01
2023-01-07,2023,Q1,1,Jan,7,Saturday,1,2023-01
2023-01-08,2023,Q1,1,Jan,8,Sunday,1,2023-01
2023-01-09,2023,Q1,1,Jan,9,Monday,2,2023-01
2023-01-10,2023,Q1,1,Jan,10,Tuesday,2,2023-01
2023-01-11,2023,Q1,1,Jan,11,Wednesday,2,2023-01
2023-01-12,2023,Q1,1,Jan,12,Thursday,2,2023-01
2023-01-13,2023,Q1,1,Jan,13,Friday,2,2023-01
2023-01-14,2023,Q1,1,Jan,14,Saturday,2,2023-01
2023-01-15,2023,Q1,1,Jan,15,Sunday,2,2023-01
2023-01-16,2023,Q1,1,Jan,16,Monday,3,2023-01
2023-01-17,2023,Q1,1,Jan,17,Tuesday,3,2023-01
2023-01-18,2023,Q1,1,Jan,18,Wednesday,3,2023-01
2023-01-19,2023,Q1,1,Jan,19,Thursday,3,2023-01
2023-01-20,2023,Q1,1,Jan,20,Friday,3,2023-01
2023-01-21,2023,Q1,1,Jan,21,Saturday,3,2023-01
2023-01-22,2023,Q1,1,Jan,22,Sunday,3,2023-01
2023-01-23,2023,Q1,1,Jan,23,Monday,4,2023-01
2023-01-24,2023,Q1,1,Jan,24,Tuesday,4,2023-01
2023-01-25,2023,Q1,1,Jan,25,Wednesday,4,2023-01
2023-01-26,2023,Q1,1,Jan,26,Thursday,4,2023-01
2023-01-27,2023,Q1,1,Jan,27,Friday,4,2023-01
2023-01-28,2023,Q1,1,Jan,28,Saturday,4,2023-01
2023-01-29,2023,Q1,1,Jan,29,Sunday,4,2023-01
2023-01-30,2023,Q1,1,Jan,30,Monday,5,2023-01
2023-01-31,2023,Q1,1,Jan,31,Tuesday,5,2023-01
2023-02-01,2023,Q1,2,Feb,1,Wednesday,5,2023-02
2023-02-02,2023,Q1,2,Feb,2,Thursday,5,2023-02
2023-02-03,2023,Q1,2,Feb,3,Friday,5,2023-02
2023-02-04,2023,Q1,2,Feb,4,Saturday,5,2023-02
2023-02-05,2023,Q1,2,Feb,5,Sunday,5,2023-02
2023-02-06,2023,Q1,2,Feb,6,Monday,6,2023-02
2023-02-07,2023,Q1,2,Feb,7,Tuesday,6,2023-02
2023-02-08,2023,Q1,2,Feb,8,Wednesday,6,2023-02
2023-02-09,2023,Q1,2,Feb,9,Thursday,6,2023-02
2023-02-10,2023,Q1,2,Feb,10,Friday,6,2023-02
2023-02-11,2023,Q1,2,Feb,11,Saturday,6,2023-02
2023-02-12,2023,Q1,2,Feb,12,Sunday,6,2023-02
2023-02-13,2023,Q1,2,Feb,13,Monday,7,2023-02
2023-02-14,2023,Q1,2,Feb,14,Tuesday,7,2023-02
2023-02-15,2023,Q1,2,Feb,15,Wednesday,7,2023-02
2023-02-16,2023,Q1,2,Feb,16,Thursday,7,2023-02
2023-02-17,2023,Q1,2,Feb,17,Friday,7,2023-02
2023-02-18,2023,Q1,2,Feb,18,Saturday,7,2023-02
2023-02-19,2023,Q1,2,Feb,19,Sunday,7,2023-02
2023-02-20,2023,Q1,2,Feb,20,Monday,8,2023-02
2023-02-21,2023,Q1,2,Feb,21,Tuesday,8,2023-02
2023-02-22,2023,Q1,2,Feb,22,Wednesday,8,2023-02
2023-02-23,2023,Q1,2,Feb,23,Thursday,8,2023-02
2023-02-24,2023,Q1,2,Feb,24,Friday,8,2023-02
2023-02-25,2023,Q1,2,Feb,25,Saturday,8,2023-02
2023-02-26,2023,Q1,2,Feb,26,Sunday,8,2023-02
2023-02-27,2023,Q1,2,Feb,27,Monday,9,2023-02
2023-02-28,2023,Q1,2,Feb,28,Tuesday,9,2023-02
2023-03-01,2023,Q1,3,Mar,1,Wednesday,9,2023-03
2023-03-02,2023,Q1,3,Mar,2,Thursday,9,2023-03
2023-03-03,2023,Q1,3,Mar,3,Friday,9,2023-03
2023-03-04,2023,Q1,3,Mar,4,Saturday,9,2023-03
2023-03-05,2023,Q1,3,Mar,5,Sunday,9,2023-03
2023-03-06,2023,Q1,3,Mar,6,Monday,10,2023-03
2023-03-07,2023,Q1,3,Mar,7,Tuesday,10,2023-03
2023-03-08,2023,Q1,3,Mar,8,Wednesday,10,2023-03
2023-03-09,2023,Q1,3,Mar,9,Thursday,10,2023-03
2023-03-10,2023,Q1,3,Mar,10,Friday,10,2023-03
2023-03-11,2023,Q1,3,Mar,11,Saturday,10,2023-03
2023-03-12,2023,Q1,3,Mar,12,Sunday,10,2023-03
2023-03-13,2023,Q1,3,Mar,13,Monday,11,2023-03
2023-03-14,2023,Q1,3,Mar,14,Tuesday,11,2023-03
2023-03-15,2023,Q1,3,Mar,15,Wednesday,11,2023-03
2023-03-16,2023,Q1,3,Mar,16,Thursday,11,2023-03
2023-03-17,2023,Q1,3,Mar,17,Friday,11,2023-03
2023-03-18,2023,Q1,3,Mar,18,Saturday,11,2023-03
2023-03-19,2023,Q1,3,Mar,19,Sunday,11,2023-03
2023-03-20,2023,Q1,3,Mar,20,Monday,12,2023-03
2023-03-21,2023,Q1,3,Mar,21,Tuesday,12,2023-03
2023-03-22,2023,Q1,3,Mar,22,Wednesday,12,2023-03
2023-03-23,2023,Q1,3,Mar,23,Thursday,12,2023-03
2023-03-24,2023,Q1,3,Mar,24,Friday,12,2023-03
2023-03-25,2023,Q1,3,Mar,25,Saturday,12,2023-03
2023-03-26,2023,Q1,3,Mar,26,Sunday,12,2023-03
2023-03-27,2023,Q1,3,Mar,27,Monday,13,2023-03
2023-03-28,2023,Q1,3,Mar,28,Tuesday,13,2023-03
2023-03-29,2023,Q1,3,Mar,29,Wednesday,13,2023-03
2023-03-30,2023,Q1,3,Mar,30,Thursday,13,2023-03
2023-03-31,2023,Q1,3,Mar,31,Friday,13,2023-03
2023-04-01,2023,Q2,4,Apr,1,Saturday,13,2023-04
2023-04-02,2023,Q2,4,Apr,2,Sunday,13,2023-04
2023-04-03,2023,Q2,4,Apr,3,Monday,14,2023-04
2023-04-04,2023,Q2,4,Apr,4,Tuesday,14,2023-04
2023-04-05,2023,Q2,4,Apr,5,Wednesday,14,2023-04
2023-04-06,2023,Q2,4,Apr,6,Thursday,14,2023-04
2023-04-07,2023,Q2,4,Apr,7,Friday,14,2023-04
2023-04-08,2023,Q2,4,Apr,8,Saturday,14,2023-04
2023-04-09,2023,Q2,4,Apr,9,Sunday,14,2023-04
2023-04-10,2023,Q2,4,Apr,10,Monday,15,2023-04
2023-04-11,2023,Q2,4,Apr,11,Tuesday,15,2023-04
2023-04-12,2023,Q2,4,Apr,12,Wednesday,15,2023-04
2023-04-13,2023,Q2,4,Apr,13,Thursday,15,2023-04
2023-04-14,2023,Q2,4,Apr,14,Friday,15,2023-04
2023-04-15,2023,Q2,4,Apr,15,Saturday,15,2023-04
2023-04-16,2023,Q2,4,Apr,16,Sunday,15,2023-04
2023-04-17,2023,Q2,4,Apr,17,Monday,16,2023-04
2023-04-18,2023,Q2,4,Apr,18,Tuesday,16,2023-04
2023-04-19,2023,Q2,4,Apr,19,Wednesday,16,2023-04
2023-04-20,2023,Q2,4,Apr,20,Thursday,16,2023-04
2023-04-21,2023,Q2,4,Apr,21,Friday,16,2023-04
2023-04-22,2023,Q2,4,Apr,22,Saturday,16,2023-04
2023-04-23,2023,Q2,4,Apr,23,Sunday,16,2023-04
2023-04-24,2023,Q2,4,Apr,24,Monday,17,2023-04
2023-04-25,2023,Q2,4,Apr,25,Tuesday,17,2023-04
2023-04-26,2023,Q2,4,Apr,26,Wednesday,17,2023-04
2023-04-27,2023,Q2,4,Apr,27,Thursday,17,2023-04
2023-04-28,2023,Q2,4,Apr,28,Friday,17,2023-04
2023-04-29,2023,Q2,4,Apr,29,Saturday,17,2023-04
2023-04-30,2023,Q2,4,Apr,30,Sunday,17,2023-04
2023-05-01,2023,Q2,5,May,1,Monday,18,2023-05
2023-05-02,2023,Q2,5,May,2,Tuesday,18,2023-05
2023-05-03,2023,Q2,5,May,3,Wednesday,18,2023-05
2023-05-04,2023,Q2,5,May,4,Thursday,18,2023-05
2023-05-05,2023,Q2,5,May,5,Friday,18,2023-05
2023-05-06,2023,Q2,5,May,6,Saturday,18,2023-05
2023-05-07,2023,Q2,5,May,7,Sunday,18,2023-05
2023-05-08,2023,Q2,5,May,8,Monday,19,2023-05
2023-05-09,2023,Q2,5,May,9,Tuesday,19,2023-05
2023-05-10,2023,Q2,5,May,10,Wednesday,19,2023-05
2023-05-11,2023,Q2,5,May,11,Thursday,19,2023-05
2023-05-12,2023,Q2,5,May,12,Friday,19,2023-05
2023-05-13,2023,Q2,5,May,13,Saturday,19,2023-05
2023-05-14,2023,Q2,5,May,14,Sunday,19,2023-05
2023-05-15,2023,Q2,5,May,15,Monday,20,2023-05
2023-05-16,2023,Q2,5,May,16,Tuesday,20,2023-05
2023-05-17,2023,Q2,5,May,17,Wednesday,20,2023-05
2023-05-18,2023,Q2,5,May,18,Thursday,20,2023-05
2023-05-19,2023,Q2,5,May,19,Friday,20,2023-05
2023-05-20,2023,Q2,5,May,20,Saturday,20,2023-05
2023-05-21,2023,Q2,5,May,21,Sunday,20,2023-05
2023-05-22,2023,Q2,5,May,22,Monday,21,2023-05
2023-05-23,2023,Q2,5,May,23,Tuesday,21,2023-05
2023-05-24,2023,Q2,5,May,24,Wednesday,21,2023-05
2023-05-25,2023,Q2,5,May,25,Thursday,21,2023-05
2023-05-26,2023,Q2,5,May,26,Friday,21,2023-05
2023-05-27,2023,Q2,5,May,27,Saturday,21,2023-05
2023-05-28,2023,Q2,5,May,28,Sunday,21,2023-05
2023-05-29,2023,Q2,5,May,29,Monday,22,2023-05
2023-05-30,2023,Q2,5,May,30,Tuesday,22,2023-05
2023-05-31,2023,Q2,5,May,31,Wednesday,22,2023-05
2023-06-01,2023,Q2,6,Jun,1,Thursday,22,2023-06
2023-06-02,2023,Q2,6,Jun,2,Friday,22,2023-06
2023-06-03,2023,Q2,6,Jun,3,Saturday,22,2023-06
2023-06-04,2023,Q2,6,Jun,4,Sunday,22,2023-06
2023-06-05,2023,Q2,6,Jun,5,Monday,23,2023-06
2023-06-06,2023,Q2,6,Jun,6,Tuesday,23,2023-06
2023-06-07,2023,Q2,6,Jun,7,Wednesday,23,2023-06
2023-06-08,2023,Q2,6,Jun,8,Thursday,23,2023-06
2023-06-09,2023,Q2,6,Jun,9,Friday,23,2023-06
2023-06-10,2023,Q2,6,Jun,10,Saturday,23,2023-06
2023-06-11,2023,Q2,6,Jun,11,Sunday,23,2023-06
2023-06-12,2023,Q2,6,Jun,12,Monday,24,2023-06
2023-06-13,2023,Q2,6,Jun,13,Tuesday,24,2023-06
2023-06-14,2023,Q2,6,Jun,14,Wednesday,24,2023-06
2023-06-15,2023,Q2,6,Jun,15,Thursday,24,2023-06
2023-06-16,2023,Q2,6,Jun,16,Friday,24,2023-06
2023-06-17,2023,Q2,6,Jun,17,Saturday,24,2023-06
2023-06-18,2023,Q2,6,Jun,18,Sunday,24,2023-06
2023-06-19,2023,Q2,6,Jun,19,Monday,25,2023-06
2023-06-20,2023,Q2,6,Jun,20,Tuesday,25,2023-06
2023-06-21,2023,Q2,6,Jun,21,Wednesday,25,2023-06
2023-06-22,2023,Q2,6,Jun,22,Thursday,25,2023-06
2023-06-23,2023,Q2,6,Jun,23,Friday,25,2023-06
2023-06-24,2023,Q2,6,Jun,24,Saturday,25,2023-06
2023-06-25,2023,Q2,6,Jun,25,Sunday,25,2023-06
2023-06-26,2023,Q2,6,Jun,26,Monday,26,2023-06
2023-06-27,2023,Q2,6,Jun,27,Tuesday,26,2023-06
2023-06-28,2023,Q2,6,Jun,28,Wednesday,26,2023-06
2023-06-29,2023,Q2,6,Jun,29,Thursday,26,2023-06
2023-06-30,2023,Q2,6,Jun,30,Friday,26,2023-06
2023-07-01,2023,Q3,7,Jul,1,Saturday,26,2023-07
2023-07-02,2023,Q3,7,Jul,2,Sunday,26,2023-07
2023-07-03,2023,Q3,7,Jul,3,Monday,27,2023-07
2023-07-04,2023,Q3,7,Jul,4,Tuesday,27,2023-07
2023-07-05,2023,Q3,7,Jul,5,Wednesday,27,2023-07
2023-07-06,2023,Q3,7,Jul,6,Thursday,27,2023-07
2023-07-07,2023,Q3,7,Jul,7,Friday,27,2023-07
2023-07-08,2023,Q3,7,Jul,8,Saturday,27,2023-07
2023-07-09,2023,Q3,7,Jul,9,Sunday,27,2023-07
2023-07-10,2023,Q3,7,Jul,10,Monday,28,2023-07
2023-07-11,2023,Q3,7,Jul,11,Tuesday,28,2023-07
2023-07-12,2023,Q3,7,Jul,12,Wednesday,28,2023-07
2023-07-13,2023,Q3,7,Jul,13,Thursday,28,2023-07
2023-07-14,2023,Q3,7,Jul,14,Friday,28,2023-07
2023-07-15,2023,Q3,7,Jul,15,Saturday,28,2023-07
2023-07-16,2023,Q3,7,Jul,16,Sunday,28,2023-07
2023-07-17,2023,Q3,7,Jul,17,Monday,29,2023-07
2023-07-18,2023,Q3,7,Jul,18,Tuesday,29,2023-07
2023-07-19,2023,Q3,7,Jul,19,Wednesday,29,2023-07
2023-07-20,2023,Q3,7,Jul,20,Thursday,29,2023-07
2023-07-21,2023,Q3,7,Jul,21,Friday,29,2023-07
2023-07-22,2023,Q3,7,Jul,22,Saturday,29,2023-07
2023-07-23,2023,Q3,7,Jul,23,Sunday,29,2023-07
2023-07-24,2023,Q3,7,Jul,24,Monday,30,2023-07
2023-07-25,2023,Q3,7,Jul,25,Tuesday,30,2023-07
2023-07-26,2023,Q3,7,Jul,26,Wednesday,30,2023-07
2023-07-27,2023,Q3,7,Jul,27,Thursday,30,2023-07
2023-07-28,2023,Q3,7,Jul,28,Friday,30,2023-07
2023-07-29,2023,Q3,7,Jul,29,Saturday,30,2023-07
2023-07-30,2023,Q3,7,Jul,30,Sunday,30,2023-07
2023-07-31,2023,Q3,7,Jul,31,Monday,31,2023-07
2023-08-01,2023,Q3,8,Aug,1,Tuesday,31,2023-08
2023-08-02,2023,Q3,8,Aug,2,Wednesday,31,2023-08
2023-08-03,2023,Q3,8,Aug,3,Thursday,31,2023-08
2023-08-04,2023,Q3,8,Aug,4,Friday,31,2023-08
2023-08-05,2023,Q3,8,Aug,5,Saturday,31,2023-08
2023-08-06,2023,Q3,8,Aug,6,Sunday,31,2023-08
2023-08-07,2023,Q3,8,Aug,7,Monday,32,2023-08
2023-08-08,2023,Q3,8,Aug,8,Tuesday,32,2023-08
2023-08-09,2023,Q3,8,Aug,9,Wednesday,32,2023-08
2023-08-10,2023,Q3,8,Aug,10,Thursday,32,2023-08
2023-08-11,2023,Q3,8,Aug,11,Friday,32,2023-08
2023-08-12,2023,Q3,8,Aug,12,Saturday,32,2023-08
2023-08-13,2023,Q3,8,Aug,13,Sunday,32,2023-08
2023-08-14,2023,Q3,8,Aug,14,Monday,33,2023-08
2023-08-15,2023,Q3,8,Aug,15,Tuesday,33,2023-08
2023-08-16,2023,Q3,8,Aug,16,Wednesday,33,2023-08
2023-08-17,2023,Q3,8,Aug,17,Thursday,33,2023-08
2023-08-18,2023,Q3,8,Aug,18,Friday,33,2023-08
2023-08-19,2023,Q3,8,Aug,19,Saturday,33,2023-08
2023-08-20,2023,Q3,8,Aug,20,Sunday,33,2023-08
2023-08-21,2023,Q3,8,Aug,21,Monday,34,2023-08
2023-08-22,2023,Q3,8,Aug,22,Tuesday,34,2023-08
2023-08-23,2023,Q3,8,Aug,23,Wednesday,34,2023-08
2023-08-24,2023,Q3,8,Aug,24,Thursday,34,2023-08
2023-08-25,2023,Q3,8,Aug,25,Friday,34,2023-08
2023-08-26,2023,Q3,8,Aug,26,Saturday,34,2023-08
2023-08-27,2023,Q3,8,Aug,27,Sunday,34,2023-08
2023-08-28,2023,Q3,8,Aug,28,Monday,35,2023-08
2023-08-29,2023,Q3,8,Aug,29,Tuesday,35,2023-08
2023-08-30,2023,Q3,8,Aug,30,Wednesday,35,2023-08
2023-08-31,2023,Q3,8,Aug,31,Thursday,35,2023-08
2023-09-01,2023,Q3,9,Sep,1,Friday,35,2023-09
2023-09-02,2023,Q3,9,Sep,2,Saturday,35,2023-09
2023-09-03,2023,Q3,9,Sep,3,Sunday,35,2023-09
2023-09-04,2023,Q3,9,Sep,4,Monday,36,2023-09
2023-09-05,2023,Q3,9,Sep,5,Tuesday,36,2023-09
2023-09-06,2023,Q3,9,Sep,6,Wednesday,36,2023-09
2023-09-07,2023,Q3,9,Sep,7,Thursday,36,2023-09
2023-09-08,2023,Q3,9,Sep,8,Friday,36,2023-09
2023-09-09,2023,Q3,9,Sep,9,Saturday,36,2023-09
2023-09-10,2023,Q3,9,Sep,10,Sunday,36,2023-09
2023-09-11,2023,Q3,9,Sep,11,Monday,37,2023-09
2023-09-12,2023,Q3,9,Sep,12,Tuesday,37,2023-09
2023-09-13,2023,Q3,9,Sep,13,Wednesday,37,2023-09
2023-09-14,2023,Q3,9,Sep,14,Thursday,37,2023-09
2023-09-15,2023,Q3,9,Sep,15,Friday,37,2023-09
2023-09-16,2023,Q3,9,Sep,16,Saturday,37,2023-09
2023-09-17,2023,Q3,9,Sep,17,Sunday,37,2023-09
2023-09-18,2023,Q3,9,Sep,18,Monday,38,2023-09
2023-09-19,2023,Q3,9,Sep,19,Tuesday,38,2023-09
2023-09-20,2023,Q3,9,Sep,20,Wednesday,38,2023-09
2023-09-21,2023,Q3,9,Sep,21,Thursday,38,2023-09
2023-09-22,2023,Q3,9,Sep,22,Friday,38,2023-09
2023-09-23,2023,Q3,9,Sep,23,Saturday,38,2023-09
2023-09-24,2023,Q3,9,Sep,24,Sunday,38,2023-09
2023-09-25,2023,Q3,9,Sep,25,Monday,39,2023-09
2023-09-26,2023,Q3,9,Sep,26,Tuesday,39,2023-09
2023-09-27,2023,Q3,9,Sep,27,Wednesday,39,2023-09
2023-09-28,2023,Q3,9,Sep,28,Thursday,39,2023-09
2023-09-29,2023,Q3,9,Sep,29,Friday,39,2023-09
2023-09-30,2023,Q3,9,Sep,30,Saturday,39,2023-09
2023-10-01,2023,Q4,10,Oct,1,Sunday,39,2023-10
2023-10-02,2023,Q4,10,Oct,2,Monday,40,2023-10
2023-10-03,2023,Q4,10,Oct,3,Tuesday,40,2023-10
2023-10-04,2023,Q4,10,Oct,4,Wednesday,40,2023-10
2023-10-05,2023,Q4,10,Oct,5,Thursday,40,2023-10
2023-10-06,2023,Q4,10,Oct,6,Friday,40,2023-10
2023-10-07,2023,Q4,10,Oct,7,Saturday,40,2023-10
2023-10-08,2023,Q4,10,Oct,8,Sunday,40,2023-10
2023-10-09,2023,Q4,10,Oct,9,Monday,41,2023-10
2023-10-10,2023,Q4,10,Oct,10,Tuesday,41,2023-10
2023-10-11,2023,Q4,10,Oct,11,Wednesday,41,2023-10
2023-10-12,2023,Q4,10,Oct,12,Thursday,41,2023-10
2023-10-13,2023,Q4,10,Oct,13,Friday,41,2023-10
2023-10-14,2023,Q4,10,Oct,14,Saturday,41,2023-10
2023-10-15,2023,Q4,10,Oct,15,Sunday,41,2023-10
2023-10-16,2023,Q4,10,Oct,16,Monday,42,2023-10
2023-10-17,2023,Q4,10,Oct,17,Tuesday,42,2023-10
2023-10-18,2023,Q4,10,Oct,18,Wednesday,42,2023-10
2023-10-19,2023,Q4,10,Oct,19,Thursday,42,2023-10
2023-10-20,2023,Q4,10,Oct,20,Friday,42,2023-10
2023-10-21,2023,Q4,10,Oct,21,Saturday,42,2023-10
2023-10-22,2023,Q4,10,Oct,22,Sunday,42,2023-10
2023-10-23,2023,Q4,10,Oct,23,Monday,43,2023-10
2023-10-24,2023,Q4,10,Oct,24,Tuesday,43,2023-10
2023-10-25,2023,Q4,10,Oct,25,Wednesday,43,2023-10
2023-10-26,2023,Q4,10,Oct,26,Thursday,43,2023-10
2023-10-27,2023,Q4,10,Oct,27,Friday,43,2023-10
2023-10-28,2023,Q4,10,Oct,28,Saturday,43,2023-10
2023-10-29,2023,Q4,10,Oct,29,Sunday,43,2023-10
2023-10-30,2023,Q4,10,Oct,30,Monday,44,2023-10
2023-10-31,2023,Q4,10,Oct,31,Tuesday,44,2023-10
2023-11-01,2023,Q4,11,Nov,1,Wednesday,44,2023-11
2023-11-02,2023,Q4,11,Nov,2,Thursday,44,2023-11
2023-11-03,2023,Q4,11,Nov,3,Friday,44,2023-11
2023-11-04,2023,Q4,11,Nov,4,Saturday,44,2023-11
2023-11-05,2023,Q4,11,Nov,5,Sunday,44,2023-11
2023-11-06,2023,Q4,11,Nov,6,Monday,45,2023-11
2023-11-07,2023,Q4,11,Nov,7,Tuesday,45,2023-11
2023-11-08,2023,Q4,11,Nov,8,Wednesday,45,2023-11
2023-11-09,2023,Q4,11,Nov,9,Thursday,45,2023-11
2023-11-10,2023,Q4,11,Nov,10,Friday,45,2023-11
2023-11-11,2023,Q4,11,Nov,11,Saturday,45,2023-11
2023-11-12,2023,Q4,11,Nov,12,Sunday,45,2023-11
2023-11-13,2023,Q4,11,Nov,13,Monday,46,2023-11
2023-11-14,2023,Q4,11,Nov,14,Tuesday,46,2023-11
2023-11-15,2023,Q4,11,Nov,15,Wednesday,46,2023-11
2023-11-16,2023,Q4,11,Nov,16,Thursday,46,2023-11
2023-11-17,2023,Q4,11,Nov,17,Friday,46,2023-11
2023-11-18,2023,Q4,11,Nov,18,Saturday,46,2023-11
2023-11-19,2023,Q4,11,Nov,19,Sunday,46,2023-11
2023-11-20,2023,Q4,11,Nov,20,Monday,47,2023-11
2023-11-21,2023,Q4,11,Nov,21,Tuesday,47,2023-11
2023-11-22,2023,Q4,11,Nov,22,Wednesday,47,2023-11
2023-11-23,2023,Q4,11,Nov,23,Thursday,47,2023-11
2023-11-24,2023,Q4,11,Nov,24,Friday,47,2023-11
2023-11-25,2023,Q4,11,Nov,25,Saturday,47,2023-11
2023-11-26,2023,Q4,11,Nov,26,Sunday,47,2023-11
2023-11-27,2023,Q4,11,Nov,27,Monday,48,2023-11
2023-11-28,2023,Q4,11,Nov,28,Tuesday,48,2023-11
2023-11-29,2023,Q4,11,Nov,29,Wednesday,48,2023-11
2023-11-30,2023,Q4,11,Nov,30,Thursday,48,2023-11
2023-12-01,2023,Q4,12,Dec,1,Friday,48,2023-12
2023-12-02,2023,Q4,12,Dec,2,Saturday,48,2023-12
2023-12-03,2023,Q4,12,Dec,3,Sunday,48,2023-12
2023-12-04,2023,Q4,12,Dec,4,Monday,49,2023-12
2023-12-05,2023,Q4,12,Dec,5,Tuesday,49,2023-12
2023-12-06,2023,Q4,12,Dec,6,Wednesday,49,2023-12
2023-12-07,2023,Q4,12,Dec,7,Thursday,49,2023-12
2023-12-08,2023,Q4,12,Dec,8,Friday,49,2023-12
2023-12-09,2023,Q4,12,Dec,9,Saturday,49,2023-12
2023-12-10,2023,Q4,12,Dec,10,Sunday,49,2023-12
2023-12-11,2023,Q4,12,Dec,11,Monday,50,2023-12
2023-12-12,2023,Q4,12,Dec,12,Tuesday,50,2023-12
2023-12-13,2023,Q4,12,Dec,13,Wednesday,50,2023-12
2023-12-14,2023,Q4,12,Dec,14,Thursday,50,2023-12
2023-12-15,2023,Q4,12,Dec,15,Friday,50,2023-12
2023-12-16,2023,Q4,12,Dec,16,Saturday,50,2023-12
2023-12-17,2023,Q4,12,Dec,17,Sunday,50,2023-12
2023-12-18,2023,Q4,12,Dec,18,Monday,51,2023-12
2023-12-19,2023,Q4,12,Dec,19,Tuesday,51,2023-12
2023-12-20,2023,Q4,12,Dec,20,Wednesday,51,2023-12
2023-12-21,2023,Q4,12,Dec,21,Thursday,51,2023-12
2023-12-22,2023,Q4,12,Dec,22,Friday,51,2023-12
2023-12-23,2023,Q4,12,Dec,23,Saturday,51,2023-12
2023-12-24,2023,Q4,12,Dec,24,Sunday,51,2023-12
2023-12-25,2023,Q4,12,Dec,25,Monday,52,2023-12
2023-12-26,2023,Q4,12,Dec,26,Tuesday,52,2023-12
2023-12-27,2023,Q4,12,Dec,27,Wednesday,52,2023-12
2023-12-28,2023,Q4,12,Dec,28,Thursday,52,2023-12
2023-12-29,2023,Q4,12,Dec,29,Friday,52,2023-12
2023-12-30,2023,Q4,12,Dec,30,Saturday,52,2023-12
2023-12-31,2023,Q4,12,Dec,31,Sunday,52,2023-12
2024-01-01,2024,Q1,1,Jan,1,Monday,1,2024-01
2024-01-02,2024,Q1,1,Jan,2,Tuesday,1,2024-01
2024-01-03,2024,Q1,1,Jan,3,Wednesday,1,2024-01
2024-01-04,2024,Q1,1,Jan,4,Thursday,1,2024-01
2024-01-05,2024,Q1,1,Jan,5,Friday,1,2024-01
2024-01-06,2024,Q1,1,Jan,6,Saturday,1,2024-01
2024-01-07,2024,Q1,1,Jan,7,Sunday,1,2024-01
2024-01-08,2024,Q1,1,Jan,8,Monday,2,2024-01
2024-01-09,2024,Q1,1,Jan,9,Tuesday,2,2024-01
2024-01-10,2024,Q1,1,Jan,10,Wednesday,2,2024-01
2024-01-11,2024,Q1,1,Jan,11,Thursday,2,2024-01
2024-01-12,2024,Q1,1,Jan,12,Friday,2,2024-01
2024-01-13,2024,Q1,1,Jan,13,Saturday,2,2024-01
2024-01-14,2024,Q1,1,Jan,14,Sunday,2,2024-01
2024-01-15,2024,Q1,1,Jan,15,Monday,3,2024-01
2024-01-16,2024,Q1,1,Jan,16,Tuesday,3,2024-01
2024-01-17,2024,Q1,1,Jan,17,Wednesday,3,2024-01
2024-01-18,2024,Q1,1,Jan,18,Thursday,3,2024-01
2024-01-19,2024,Q1,1,Jan,19,Friday,3,2024-01
2024-01-20,2024,Q1,1,Jan,20,Saturday,3,2024-01
2024-01-21,2024,Q1,1,Jan,21,Sunday,3,2024-01
2024-01-22,2024,Q1,1,Jan,22,Monday,4,2024-01
2024-01-23,2024,Q1,1,Jan,23,Tuesday,4,2024-01
2024-01-24,2024,Q1,1,Jan,24,Wednesday,4,2024-01
2024-01-25,2024,Q1,1,Jan,25,Thursday,4,2024-01
2024-01-26,2024,Q1,1,Jan,26,Friday,4,2024-01
2024-01-27,2024,Q1,1,Jan,27,Saturday,4,2024-01
2024-01-28,2024,Q1,1,Jan,28,Sunday,4,2024-01
2024-01-29,2024,Q1,1,Jan,29,Monday,5,2024-01
2024-01-30,2024,Q1,1,Jan,30,Tuesday,5,2024-01
2024-01-31,2024,Q1,1,Jan,31,Wednesday,5,2024-01
2024-02-01,2024,Q1,2,Feb,1,Thursday,5,2024-02
2024-02-02,2024,Q1,2,Feb,2,Friday,5,2024-02
2024-02-03,2024,Q1,2,Feb,3,Saturday,5,2024-02
2024-02-04,2024,Q1,2,Feb,4,Sunday,5,2024-02
2024-02-05,2024,Q1,2,Feb,5,Monday,6,2024-02
2024-02-06,2024,Q1,2,Feb,6,Tuesday,6,2024-02
2024-02-07,2024,Q1,2,Feb,7,Wednesday,6,2024-02
2024-02-08,2024,Q1,2,Feb,8,Thursday,6,2024-02
2024-02-09,2024,Q1,2,Feb,9,Friday,6,2024-02
2024-02-10,2024,Q1,2,Feb,10,Saturday,6,2024-02
2024-02-11,2024,Q1,2,Feb,11,Sunday,6,2024-02
2024-02-12,2024,Q1,2,Feb,12,Monday,7,2024-02
2024-02-13,2024,Q1,2,Feb,13,Tuesday,7,2024-02
2024-02-14,2024,Q1,2,Feb,14,Wednesday,7,2024-02
2024-02-15,2024,Q1,2,Feb,15,Thursday,7,2024-02
2024-02-16,2024,Q1,2,Feb,16,Friday,7,2024-02
2024-02-17,2024,Q1,2,Feb,17,Saturday,7,2024-02
2024-02-18,2024,Q1,2,Feb,18,Sunday,7,2024-02
2024-02-19,2024,Q1,2,Feb,19,Monday,8,2024-02
2024-02-20,2024,Q1,2,Feb,20,Tuesday,8,2024-02
2024-02-21,2024,Q1,2,Feb,21,Wednesday,8,2024-02
2024-02-22,2024,Q1,2,Feb,22,Thursday,8,2024-02
2024-02-23,2024,Q1,2,Feb,23,Friday,8,2024-02
2024-02-24,2024,Q1,2,Feb,24,Saturday,8,2024-02
2024-02-25,2024,Q1,2,Feb,25,Sunday,8,2024-02
2024-02-26,2024,Q1,2,Feb,26,Monday,9,2024-02
2024-02-27,2024,Q1,2,Feb,27,Tuesday,9,2024-02
2024-02-28,2024,Q1,2,Feb,28,Wednesday,9,2024-02
2024-02-29,2024,Q1,2,Feb,29,Thursday,9,2024-02
2024-03-01,2024,Q1,3,Mar,1,Friday,9,2024-03
2024-03-02,2024,Q1,3,Mar,2,Saturday,9,2024-03
2024-03-03,2024,Q1,3,Mar,3,Sunday,9,2024-03
2024-03-04,2024,Q1,3,Mar,4,Monday,10,2024-03
2024-03-05,2024,Q1,3,Mar,5,Tuesday,10,2024-03
2024-03-06,2024,Q1,3,Mar,6,Wednesday,10,2024-03
2024-03-07,2024,Q1,3,Mar,7,Thursday,10,2024-03
2024-03-08,2024,Q1,3,Mar,8,Friday,10,2024-03
2024-03-09,2024,Q1,3,Mar,9,Saturday,10,2024-03
2024-03-10,2024,Q1,3,Mar,10,Sunday,10,2024-03
2024-03-11,2024,Q1,3,Mar,11,Monday,11,2024-03
2024-03-12,2024,Q1,3,Mar,12,Tuesday,11,2024-03
2024-03-13,2024,Q1,3,Mar,13,Wednesday,11,2024-03
2024-03-14,2024,Q1,3,Mar,14,Thursday,11,2024-03
2024-03-15,2024,Q1,3,Mar,15,Friday,11,2024-03
2024-03-16,2024,Q1,3,Mar,16,Saturday,11,2024-03
2024-03-17,2024,Q1,3,Mar,17,Sunday,11,2024-03
2024-03-18,2024,Q1,3,Mar,18,Monday,12,2024-03
2024-03-19,2024,Q1,3,Mar,19,Tuesday,12,2024-03
2024-03-20,2024,Q1,3,Mar,20,Wednesday,12,2024-03
2024-03-21,2024,Q1,3,Mar,21,Thursday,12,2024-03
2024-03-22,2024,Q1,3,Mar,22,Friday,12,2024-03
2024-03-23,2024,Q1,3,Mar,23,Saturday,12,2024-03
2024-03-24,2024,Q1,3,Mar,24,Sunday,12,2024-03
2024-03-25,2024,Q1,3,Mar,25,Monday,13,2024-03
2024-03-26,2024,Q1,3,Mar,26,Tuesday,13,2024-03
2024-03-27,2024,Q1,3,Mar,27,Wednesday,13,2024-03
2024-03-28,2024,Q1,3,Mar,28,Thursday,13,2024-03
2024-03-29,2024,Q1,3,Mar,29,Friday,13,2024-03
2024-03-30,2024,Q1,3,Mar,30,Saturday,13,2024-03
2024-03-31,2024,Q1,3,Mar,31,Sunday,13,2024-03
2024-04-01,2024,Q2,4,Apr,1,Monday,14,2024-04
2024-04-02,2024,Q2,4,Apr,2,Tuesday,14,2024-04
2024-04-03,2024,Q2,4,Apr,3,Wednesday,14,2024-04
2024-04-04,2024,Q2,4,Apr,4,Thursday,14,2024-04
2024-04-05,2024,Q2,4,Apr,5,Friday,14,2024-04
2024-04-06,2024,Q2,4,Apr,6,Saturday,14,2024-04
2024-04-07,2024,Q2,4,Apr,7,Sunday,14,2024-04
2024-04-08,2024,Q2,4,Apr,8,Monday,15,2024-04
2024-04-09,2024,Q2,4,Apr,9,Tuesday,15,2024-04
2024-04-10,2024,Q2,4,Apr,10,Wednesday,15,2024-04
2024-04-11,2024,Q2,4,Apr,11,Thursday,15,2024-04
2024-04-12,2024,Q2,4,Apr,12,Friday,15,2024-04
2024-04-13,2024,Q2,4,Apr,13,Saturday,15,2024-04
2024-04-14,2024,Q2,4,Apr,14,Sunday,15,2024-04
2024-04-15,2024,Q2,4,Apr,15,Monday,16,2024-04
2024-04-16,2024,Q2,4,Apr,16,Tuesday,16,2024-04
2024-04-17,2024,Q2,4,Apr,17,Wednesday,16,2024-04
2024-04-18,2024,Q2,4,Apr,18,Thursday,16,2024-04
2024-04-19,2024,Q2,4,Apr,19,Friday,16,2024-04
2024-04-20,2024,Q2,4,Apr,20,Saturday,16,2024-04
2024-04-21,2024,Q2,4,Apr,21,Sunday,16,2024-04
2024-04-22,2024,Q2,4,Apr,22,Monday,17,2024-04
2024-04-23,2024,Q2,4,Apr,23,Tuesday,17,2024-04
2024-04-24,2024,Q2,4,Apr,24,Wednesday,17,2024-04
2024-04-25,2024,Q2,4,Apr,25,Thursday,17,2024-04
2024-04-26,2024,Q2,4,Apr,26,Friday,17,2024-04
2024-04-27,2024,Q2,4,Apr,27,Saturday,17,2024-04
2024-04-28,2024,Q2,4,Apr,28,Sunday,17,2024-04
2024-04-29,2024,Q2,4,Apr,29,Monday,18,2024-04
2024-04-30,2024,Q2,4,Apr,30,Tuesday,18,2024-04
2024-05-01,2024,Q2,5,May,1,Wednesday,18,2024-05
2024-05-02,2024,Q2,5,May,2,Thursday,18,2024-05
2024-05-03,2024,Q2,5,May,3,Friday,18,2024-05
2024-05-04,2024,Q2,5,May,4,Saturday,18,2024-05
2024-05-05,2024,Q2,5,May,5,Sunday,18,2024-05
2024-05-06,2024,Q2,5,May,6,Monday,19,2024-05
2024-05-07,2024,Q2,5,May,7,Tuesday,19,2024-05
2024-05-08,2024,Q2,5,May,8,Wednesday,19,2024-05
2024-05-09,2024,Q2,5,May,9,Thursday,19,2024-05
2024-05-10,2024,Q2,5,May,10,Friday,19,2024-05
2024-05-11,2024,Q2,5,May,11,Saturday,19,2024-05
2024-05-12,2024,Q2,5,May,12,Sunday,19,2024-05
2024-05-13,2024,Q2,5,May,13,Monday,20,2024-05
2024-05-14,2024,Q2,5,May,14,Tuesday,20,2024-05
2024-05-15,2024,Q2,5,May,15,Wednesday,20,2024-05
2024-05-16,2024,Q2,5,May,16,Thursday,20,2024-05
2024-05-17,2024,Q2,5,May,17,Friday,20,2024-05
2024-05-18,2024,Q2,5,May,18,Saturday,20,2024-05
2024-05-19,2024,Q2,5,May,19,Sunday,20,2024-05
2024-05-20,2024,Q2,5,May,20,Monday,21,2024-05
2024-05-21,2024,Q2,5,May,21,Tuesday,21,2024-05
2024-05-22,2024,Q2,5,May,22,Wednesday,21,2024-05
2024-05-23,2024,Q2,5,May,23,Thursday,21,2024-05
2024-05-24,2024,Q2,5,May,24,Friday,21,2024-05
2024-05-25,2024,Q2,5,May,25,Saturday,21,2024-05
2024-05-26,2024,Q2,5,May,26,Sunday,21,2024-05
2024-05-27,2024,Q2,5,May,27,Monday,22,2024-05
2024-05-28,2024,Q2,5,May,28,Tuesday,22,2024-05
2024-05-29,2024,Q2,5,May,29,Wednesday,22,2024-05
2024-05-30,2024,Q2,5,May,30,Thursday,22,2024-05
2024-05-31,2024,Q2,5,May,31,Friday,22,2024-05
2024-06-01,2024,Q2,6,Jun,1,Saturday,22,2024-06
2024-06-02,2024,Q2,6,Jun,2,Sunday,22,2024-06
2024-06-03,2024,Q2,6,Jun,3,Monday,23,2024-06
2024-06-04,2024,Q2,6,Jun,4,Tuesday,23,2024-06
2024-06-05,2024,Q2,6,Jun,5,Wednesday,23,2024-06
2024-06-06,2024,Q2,6,Jun,6,Thursday,23,2024-06
2024-06-07,2024,Q2,6,Jun,7,Friday,23,2024-06
2024-06-08,2024,Q2,6,Jun,8,Saturday,23,2024-06
2024-06-09,2024,Q2,6,Jun,9,Sunday,23,2024-06
2024-06-10,2024,Q2,6,Jun,10,Monday,24,2024-06
2024-06-11,2024,Q2,6,Jun,11,Tuesday,24,2024-06
2024-06-12,2024,Q2,6,Jun,12,Wednesday,24,2024-06
2024-06-13,2024,Q2,6,Jun,13,Thursday,24,2024-06
2024-06-14,2024,Q2,6,Jun,14,Friday,24,2024-06
2024-06-15,2024,Q2,6,Jun,15,Saturday,24,2024-06
2024-06-16,2024,Q2,6,Jun,16,Sunday,24,2024-06
2024-06-17,2024,Q2,6,Jun,17,Monday,25,2024-06
2024-06-18,2024,Q2,6,Jun,18,Tuesday,25,2024-06
2024-06-19,2024,Q2,6,Jun,19,Wednesday,25,2024-06
2024-06-20,2024,Q2,6,Jun,20,Thursday,25,2024-06
2024-06-21,2024,Q2,6,Jun,21,Friday,25,2024-06
2024-06-22,2024,Q2,6,Jun,22,Saturday,25,2024-06
2024-06-23,2024,Q2,6,Jun,23,Sunday,25,2024-06
2024-06-24,2024,Q2,6,Jun,24,Monday,26,2024-06
2024-06-25,2024,Q2,6,Jun,25,Tuesday,26,2024-06
2024-06-26,2024,Q2,6,Jun,26,Wednesday,26,2024-06
2024-06-27,2024,Q2,6,Jun,27,Thursday,26,2024-06
2024-06-28,2024,Q2,6,Jun,28,Friday,26,2024-06
2024-06-29,2024,Q2,6,Jun,29,Saturday,26,2024-06
2024-06-30,2024,Q2,6,Jun,30,Sunday,26,2024-06
2024-07-01,2024,Q3,7,Jul,1,Monday,27,2024-07
2024-07-02,2024,Q3,7,Jul,2,Tuesday,27,2024-07
2024-07-03,2024,Q3,7,Jul,3,Wednesday,27,2024-07
2024-07-04,2024,Q3,7,Jul,4,Thursday,27,2024-07
2024-07-05,2024,Q3,7,Jul,5,Friday,27,2024-07
2024-07-06,2024,Q3,7,Jul,6,Saturday,27,2024-07
2024-07-07,2024,Q3,7,Jul,7,Sunday,27,2024-07
2024-07-08,2024,Q3,7,Jul,8,Monday,28,2024-07
2024-07-09,2024,Q3,7,Jul,9,Tuesday,28,2024-07
2024-07-10,2024,Q3,7,Jul,10,Wednesday,28,2024-07
2024-07-11,2024,Q3,7,Jul,11,Thursday,28,2024-07
2024-07-12,2024,Q3,7,Jul,12,Friday,28,2024-07
2024-07-13,2024,Q3,7,Jul,13,Saturday,28,2024-07
2024-07-14,2024,Q3,7,Jul,14,Sunday,28,2024-07
2024-07-15,2024,Q3,7,Jul,15,Monday,29,2024-07
2024-07-16,2024,Q3,7,Jul,16,Tuesday,29,2024-07
2024-07-17,2024,Q3,7,Jul,17,Wednesday,29,2024-07
2024-07-18,2024,Q3,7,Jul,18,Thursday,29,2024-07
2024-07-19,2024,Q3,7,Jul,19,Friday,29,2024-07
2024-07-20,2024,Q3,7,Jul,20,Saturday,29,2024-07
2024-07-21,2024,Q3,7,Jul,21,Sunday,29,2024-07
2024-07-22,2024,Q3,7,Jul,22,Monday,30,2024-07
2024-07-23,2024,Q3,7,Jul,23,Tuesday,30,2024-07
2024-07-24,2024,Q3,7,Jul,24,Wednesday,30,2024-07
2024-07-25,2024,Q3,7,Jul,25,Thursday,30,2024-07
2024-07-26,2024,Q3,7,Jul,26,Friday,30,2024-07
2024-07-27,2024,Q3,7,Jul,27,Saturday,30,2024-07
2024-07-28,2024,Q3,7,Jul,28,Sunday,30,2024-07
2024-07-29,2024,Q3,7,Jul,29,Monday,31,2024-07
2024-07-30,2024,Q3,7,Jul,30,Tuesday,31,2024-07
2024-07-31,2024,Q3,7,Jul,31,Wednesday,31,2024-07
2024-08-01,2024,Q3,8,Aug,1,Thursday,31,2024-08
2024-08-02,2024,Q3,8,Aug,2,Friday,31,2024-08
2024-08-03,2024,Q3,8,Aug,3,Saturday,31,2024-08
2024-08-04,2024,Q3,8,Aug,4,Sunday,31,2024-08
2024-08-05,2024,Q3,8,Aug,5,Monday,32,2024-08
2024-08-06,2024,Q3,8,Aug,6,Tuesday,32,2024-08
2024-08-07,2024,Q3,8,Aug,7,Wednesday,32,2024-08
2024-08-08,2024,Q3,8,Aug,8,Thursday,32,2024-08
2024-08-09,2024,Q3,8,Aug,9,Friday,32,2024-08
2024-08-10,2024,Q3,8,Aug,10,Saturday,32,2024-08
2024-08-11,2024,Q3,8,Aug,11,Sunday,32,2024-08
2024-08-12,2024,Q3,8,Aug,12,Monday,33,2024-08
2024-08-13,2024,Q3,8,Aug,13,Tuesday,33,2024-08
2024-08-14,2024,Q3,8,Aug,14,Wednesday,33,2024-08
2024-08-15,2024,Q3,8,Aug,15,Thursday,33,2024-08
2024-08-16,2024,Q3,8,Aug,16,Friday,33,2024-08
2024-08-17,2024,Q3,8,Aug,17,Saturday,33,2024-08
2024-08-18,2024,Q3,8,Aug,18,Sunday,33,2024-08
2024-08-19,2024,Q3,8,Aug,19,Monday,34,2024-08
2024-08-20,2024,Q3,8,Aug,20,Tuesday,34,2024-08
2024-08-21,2024,Q3,8,Aug,21,Wednesday,34,2024-08
2024-08-22,2024,Q3,8,Aug,22,Thursday,34,2024-08
2024-08-23,2024,Q3,8,Aug,23,Friday,34,2024-08
2024-08-24,2024,Q3,8,Aug,24,Saturday,34,2024-08
2024-08-25,2024,Q3,8,Aug,25,Sunday,34,2024-08
2024-08-26,2024,Q3,8,Aug,26,Monday,35,2024-08
2024-08-27,2024,Q3,8,Aug,27,Tuesday,35,2024-08
2024-08-28,2024,Q3,8,Aug,28,Wednesday,35,2024-08
2024-08-29,2024,Q3,8,Aug,29,Thursday,35,2024-08
2024-08-30,2024,Q3,8,Aug,30,Friday,35,2024-08
2024-08-31,2024,Q3,8,Aug,31,Saturday,35,2024-08
2024-09-01,2024,Q3,9,Sep,1,Sunday,35,2024-09
2024-09-02,2024,Q3,9,Sep,2,Monday,36,2024-09
2024-09-03,2024,Q3,9,Sep,3,Tuesday,36,2024-09
2024-09-04,2024,Q3,9,Sep,4,Wednesday,36,2024-09
2024-09-05,2024,Q3,9,Sep,5,Thursday,36,2024-09
2024-09-06,2024,Q3,9,Sep,6,Friday,36,2024-09
2024-09-07,2024,Q3,9,Sep,7,Saturday,36,2024-09
2024-09-08,2024,Q3,9,Sep,8,Sunday,36,2024-09
2024-09-09,2024,Q3,9,Sep,9,Monday,37,2024-09
2024-09-10,2024,Q3,9,Sep,10,Tuesday,37,2024-09
2024-09-11,2024,Q3,9,Sep,11,Wednesday,37,2024-09
2024-09-12,2024,Q3,9,Sep,12,Thursday,37,2024-09
2024-09-13,2024,Q3,9,Sep,13,Friday,37,2024-09
2024-09-14,2024,Q3,9,Sep,14,Saturday,37,2024-09
2024-09-15,2024,Q3,9,Sep,15,Sunday,37,2024-09
2024-09-16,2024,Q3,9,Sep,16,Monday,38,2024-09
2024-09-17,2024,Q3,9,Sep,17,Tuesday,38,2024-09
2024-09-18,2024,Q3,9,Sep,18,Wednesday,38,2024-09
2024-09-19,2024,Q3,9,Sep,19,Thursday,38,2024-09
2024-09-20,2024,Q3,9,Sep,20,Friday,38,2024-09
2024-09-21,2024,Q3,9,Sep,21,Saturday,38,2024-09
2024-09-22,2024,Q3,9,Sep,22,Sunday,38,2024-09
2024-09-23,2024,Q3,9,Sep,23,Monday,39,2024-09
2024-09-24,2024,Q3,9,Sep,24,Tuesday,39,2024-09
2024-09-25,2024,Q3,9,Sep,25,Wednesday,39,2024-09
2024-09-26,2024,Q3,9,Sep,26,Thursday,39,2024-09
2024-09-27,2024,Q3,9,Sep,27,Friday,39,2024-09
2024-09-28,2024,Q3,9,Sep,28,Saturday,39,2024-09
2024-09-29,2024,Q3,9,Sep,29,Sunday,39,2024-09
2024-09-30,2024,Q3,9,Sep,30,Monday,40,2024-09
2024-10-01,2024,Q4,10,Oct,1,Tuesday,40,2024-10
2024-10-02,2024,Q4,10,Oct,2,Wednesday,40,2024-10
2024-10-03,2024,Q4,10,Oct,3,Thursday,40,2024-10
2024-10-04,2024,Q4,10,Oct,4,Friday,40,2024-10
2024-10-05,2024,Q4,10,Oct,5,Saturday,40,2024-10
2024-10-06,2024,Q4,10,Oct,6,Sunday,40,2024-10
2024-10-07,2024,Q4,10,Oct,7,Monday,41,2024-10
2024-10-08,2024,Q4,10,Oct,8,Tuesday,41,2024-10
2024-10-09,2024,Q4,10,Oct,9,Wednesday,41,2024-10
2024-10-10,2024,Q4,10,Oct,10,Thursday,41,2024-10
2024-10-11,2024,Q4,10,Oct,11,Friday,41,2024-10
2024-10-12,2024,Q4,10,Oct,12,Saturday,41,2024-10
2024-10-13,2024,Q4,10,Oct,13,Sunday,41,2024-10
2024-10-14,2024,Q4,10,Oct,14,Monday,42,2024-10
2024-10-15,2024,Q4,10,Oct,15,Tuesday,42,2024-10
2024-10-16,2024,Q4,10,Oct,16,Wednesday,42,2024-10
2024-10-17,2024,Q4,10,Oct,17,Thursday,42,2024-10
2024-10-18,2024,Q4,10,Oct,18,Friday,42,2024-10
2024-10-19,2024,Q4,10,Oct,19,Saturday,42,2024-10
2024-10-20,2024,Q4,10,Oct,20,Sunday,42,2024-10
2024-10-21,2024,Q4,10,Oct,21,Monday,43,2024-10
2024-10-22,2024,Q4,10,Oct,22,Tuesday,43,2024-10
2024-10-23,2024,Q4,10,Oct,23,Wednesday,43,2024-10
2024-10-24,2024,Q4,10,Oct,24,Thursday,43,2024-10
2024-10-25,2024,Q4,10,Oct,25,Friday,43,2024-10
2024-10-26,2024,Q4,10,Oct,26,Saturday,43,2024-10
2024-10-27,2024,Q4,10,Oct,27,Sunday,43,2024-10
2024-10-28,2024,Q4,10,Oct,28,Monday,44,2024-10
2024-10-29,2024,Q4,10,Oct,29,Tuesday,44,2024-10
2024-10-30,2024,Q4,10,Oct,30,Wednesday,44,2024-10
2024-10-31,2024,Q4,10,Oct,31,Thursday,44,2024-10
2024-11-01,2024,Q4,11,Nov,1,Friday,44,2024-11
2024-11-02,2024,Q4,11,Nov,2,Saturday,44,2024-11
2024-11-03,2024,Q4,11,Nov,3,Sunday,44,2024-11
2024-11-04,2024,Q4,11,Nov,4,Monday,45,2024-11
2024-11-05,2024,Q4,11,Nov,5,Tuesday,45,2024-11
2024-11-06,2024,Q4,11,Nov,6,Wednesday,45,2024-11
2024-11-07,2024,Q4,11,Nov,7,Thursday,45,2024-11
2024-11-08,2024,Q4,11,Nov,8,Friday,45,2024-11
2024-11-09,2024,Q4,11,Nov,9,Saturday,45,2024-11
2024-11-10,2024,Q4,11,Nov,10,Sunday,45,2024-11
2024-11-11,2024,Q4,11,Nov,11,Monday,46,2024-11
2024-11-12,2024,Q4,11,Nov,12,Tuesday,46,2024-11
2024-11-13,2024,Q4,11,Nov,13,Wednesday,46,2024-11
2024-11-14,2024,Q4,11,Nov,14,Thursday,46,2024-11
2024-11-15,2024,Q4,11,Nov,15,Friday,46,2024-11
2024-11-16,2024,Q4,11,Nov,16,Saturday,46,2024-11
2024-11-17,2024,Q4,11,Nov,17,Sunday,46,2024-11
2024-11-18,2024,Q4,11,Nov,18,Monday,47,2024-11
2024-11-19,2024,Q4,11,Nov,19,Tuesday,47,2024-11
2024-11-20,2024,Q4,11,Nov,20,Wednesday,47,2024-11
2024-11-21,2024,Q4,11,Nov,21,Thursday,47,2024-11
2024-11-22,2024,Q4,11,Nov,22,Friday,47,2024-11
2024-11-23,2024,Q4,11,Nov,23,Saturday,47,2024-11
2024-11-24,2024,Q4,11,Nov,24,Sunday,47,2024-11
2024-11-25,2024,Q4,11,Nov,25,Monday,48,2024-11
2024-11-26,2024,Q4,11,Nov,26,Tuesday,48,2024-11
2024-11-27,2024,Q4,11,Nov,27,Wednesday,48,2024-11
2024-11-28,2024,Q4,11,Nov,28,Thursday,48,2024-11
2024-11-29,2024,Q4,11,Nov,29,Friday,48,2024-11
2024-11-30,2024,Q4,11,Nov,30,Saturday,48,2024-11
2024-12-01,2024,Q4,12,Dec,1,Sunday,48,2024-12
2024-12-02,2024,Q4,12,Dec,2,Monday,49,2024-12
2024-12-03,2024,Q4,12,Dec,3,Tuesday,49,2024-12
2024-12-04,2024,Q4,12,Dec,4,Wednesday,49,2024-12
2024-12-05,2024,Q4,12,Dec,5,Thursday,49,2024-12
2024-12-06,2024,Q4,12,Dec,6,Friday,49,2024-12
2024-12-07,2024,Q4,12,Dec,7,Saturday,49,2024-12
2024-12-08,2024,Q4,12,Dec,8,Sunday,49,2024-12
2024-12-09,2024,Q4,12,Dec,9,Monday,50,2024-12
2024-12-10,2024,Q4,12,Dec,10,Tuesday,50,2024-12
2024-12-11,2024,Q4,12,Dec,11,Wednesday,50,2024-12
2024-12-12,2024,Q4,12,Dec,12,Thursday,50,2024-12
2024-12-13,2024,Q4,12,Dec,13,Friday,50,2024-12
2024-12-14,2024,Q4,12,Dec,14,Saturday,50,2024-12
2024-12-15,2024,Q4,12,Dec,15,Sunday,50,2024-12
2024-12-16,2024,Q4,12,Dec,16,Monday,51,2024-12
2024-12-17,2024,Q4,12,Dec,17,Tuesday,51,2024-12
2024-12-18,2024,Q4,12,Dec,18,Wednesday,51,2024-12
2024-12-19,2024,Q4,12,Dec,19,Thursday,51,2024-12
2024-12-20,2024,Q4,12,Dec,20,Friday,51,2024-12
2024-12-21,2024,Q4,12,Dec,21,Saturday,51,2024-12
2024-12-22,2024,Q4,12,Dec,22,Sunday,51,2024-12
2024-12-23,2024,Q4,12,Dec,23,Monday,52,2024-12
2024-12-24,2024,Q4,12,Dec,24,Tuesday,52,2024-12
2024-12-25,2024,Q4,12,Dec,25,Wednesday,52,2024-12
2024-12-26,2024,Q4,12,Dec,26,Thursday,52,2024-12
2024-12-27,2024,Q4,12,Dec,27,Friday,52,2024-12
2024-12-28,2024,Q4,12,Dec,28,Saturday,52,2024-12
2024-12-29,2024,Q4,12,Dec,29,Sunday,52,2024-12
2024-12-30,2024,Q4,12,Dec,30,Monday,1,2024-12
2024-12-31,2024,Q4,12,Dec,31,Tuesday,1,2024-12
2025-01-01,2025,Q1,1,Jan,1,Wednesday,1,2025-01
2025-01-02,2025,Q1,1,Jan,2,Thursday,1,2025-01
2025-01-03,2025,Q1,1,Jan,3,Friday,1,2025-01
2025-01-04,2025,Q1,1,Jan,4,Saturday,1,2025-01
2025-01-05,2025,Q1,1,Jan,5,Sunday,1,2025-01
2025-01-06,2025,Q1,1,Jan,6,Monday,2,2025-01
2025-01-07,2025,Q1,1,Jan,7,Tuesday,2,2025-01
2025-01-08,2025,Q1,1,Jan,8,Wednesday,2,2025-01
2025-01-09,2025,Q1,1,Jan,9,Thursday,2,2025-01
2025-01-10,2025,Q1,1,Jan,10,Friday,2,2025-01
2025-01-11,2025,Q1,1,Jan,11,Saturday,2,2025-01
2025-01-12,2025,Q1,1,Jan,12,Sunday,2,2025-01
2025-01-13,2025,Q1,1,Jan,13,Monday,3,2025-01
2025-01-14,2025,Q1,1,Jan,14,Tuesday,3,2025-01
2025-01-15,2025,Q1,1,Jan,15,Wednesday,3,2025-01
2025-01-16,2025,Q1,1,Jan,16,Thursday,3,2025-01
2025-01-17,2025,Q1,1,Jan,17,Friday,3,2025-01
2025-01-18,2025,Q1,1,Jan,18,Saturday,3,2025-01
2025-01-19,2025,Q1,1,Jan,19,Sunday,3,2025-01
2025-01-20,2025,Q1,1,Jan,20,Monday,4,2025-01
2025-01-21,2025,Q1,1,Jan,21,Tuesday,4,2025-01
2025-01-22,2025,Q1,1,Jan,22,Wednesday,4,2025-01
2025-01-23,2025,Q1,1,Jan,23,Thursday,4,2025-01
2025-01-24,2025,Q1,1,Jan,24,Friday,4,2025-01
2025-01-25,2025,Q1,1,Jan,25,Saturday,4,2025-01
2025-01-26,2025,Q1,1,Jan,26,Sunday,4,2025-01
2025-01-27,2025,Q1,1,Jan,27,Monday,5,2025-01
2025-01-28,2025,Q1,1,Jan,28,Tuesday,5,2025-01
2025-01-29,2025,Q1,1,Jan,29,Wednesday,5,2025-01
2025-01-30,2025,Q1,1,Jan,30,Thursday,5,2025-01
2025-01-31,2025,Q1,1,Jan,31,Friday,5,2025-01
2025-02-01,2025,Q1,2,Feb,1,Saturday,5,2025-02
2025-02-02,2025,Q1,2,Feb,2,Sunday,5,2025-02
2025-02-03,2025,Q1,2,Feb,3,Monday,6,2025-02
2025-02-04,2025,Q1,2,Feb,4,Tuesday,6,2025-02
2025-02-05,2025,Q1,2,Feb,5,Wednesday,6,2025-02
2025-02-06,2025,Q1,2,Feb,6,Thursday,6,2025-02
2025-02-07,2025,Q1,2,Feb,7,Friday,6,2025-02
2025-02-08,2025,Q1,2,Feb,8,Saturday,6,2025-02
2025-02-09,2025,Q1,2,Feb,9,Sunday,6,2025-02
2025-02-10,2025,Q1,2,Feb,10,Monday,7,2025-02
2025-02-11,2025,Q1,2,Feb,11,Tuesday,7,2025-02
2025-02-12,2025,Q1,2,Feb,12,Wednesday,7,2025-02
2025-02-13,2025,Q1,2,Feb,13,Thursday,7,2025-02
2025-02-14,2025,Q1,2,Feb,14,Friday,7,2025-02
2025-02-15,2025,Q1,2,Feb,15,Saturday,7,2025-02
2025-02-16,2025,Q1,2,Feb,16,Sunday,7,2025-02
2025-02-17,2025,Q1,2,Feb,17,Monday,8,2025-02
2025-02-18,2025,Q1,2,Feb,18,Tuesday,8,2025-02
2025-02-19,2025,Q1,2,Feb,19,Wednesday,8,2025-02
2025-02-20,2025,Q1,2,Feb,20,Thursday,8,2025-02
2025-02-21,2025,Q1,2,Feb,21,Friday,8,2025-02
2025-02-22,2025,Q1,2,Feb,22,Saturday,8,2025-02
2025-02-23,2025,Q1,2,Feb,23,Sunday,8,2025-02
2025-02-24,2025,Q1,2,Feb,24,Monday,9,2025-02
2025-02-25,2025,Q1,2,Feb,25,Tuesday,9,2025-02
2025-02-26,2025,Q1,2,Feb,26,Wednesday,9,2025-02
2025-02-27,2025,Q1,2,Feb,27,Thursday,9,2025-02
2025-02-28,2025,Q1,2,Feb,28,Friday,9,2025-02
2025-03-01,2025,Q1,3,Mar,1,Saturday,9,2025-03
2025-03-02,2025,Q1,3,Mar,2,Sunday,9,2025-03
2025-03-03,2025,Q1,3,Mar,3,Monday,10,2025-03
2025-03-04,2025,Q1,3,Mar,4,Tuesday,10,2025-03
2025-03-05,2025,Q1,3,Mar,5,Wednesday,10,2025-03
2025-03-06,2025,Q1,3,Mar,6,Thursday,10,2025-03
2025-03-07,2025,Q1,3,Mar,7,Friday,10,2025-03
2025-03-08,2025,Q1,3,Mar,8,Saturday,10,2025-03
2025-03-09,2025,Q1,3,Mar,9,Sunday,10,2025-03
2025-03-10,2025,Q1,3,Mar,10,Monday,11,2025-03
2025-03-11,2025,Q1,3,Mar,11,Tuesday,11,2025-03
2025-03-12,2025,Q1,3,Mar,12,Wednesday,11,2025-03
2025-03-13,2025,Q1,3,Mar,13,Thursday,11,2025-03
2025-03-14,2025,Q1,3,Mar,14,Friday,11,2025-03
2025-03-15,2025,Q1,3,Mar,15,Saturday,11,2025-03
2025-03-16,2025,Q1,3,Mar,16,Sunday,11,2025-03
2025-03-17,2025,Q1,3,Mar,17,Monday,12,2025-03
2025-03-18,2025,Q1,3,Mar,18,Tuesday,12,2025-03
2025-03-19,2025,Q1,3,Mar,19,Wednesday,12,2025-03
2025-03-20,2025,Q1,3,Mar,20,Thursday,12,2025-03
2025-03-21,2025,Q1,3,Mar,21,Friday,12,2025-03
2025-03-22,2025,Q1,3,Mar,22,Saturday,12,2025-03
2025-03-23,2025,Q1,3,Mar,23,Sunday,12,2025-03
2025-03-24,2025,Q1,3,Mar,24,Monday,13,2025-03
2025-03-25,2025,Q1,3,Mar,25,Tuesday,13,2025-03
2025-03-26,2025,Q1,3,Mar,26,Wednesday,13,2025-03
2025-03-27,2025,Q1,3,Mar,27,Thursday,13,2025-03
2025-03-28,2025,Q1,3,Mar,28,Friday,13,2025-03
2025-03-29,2025,Q1,3,Mar,29,Saturday,13,2025-03
2025-03-30,2025,Q1,3,Mar,30,Sunday,13,2025-03
2025-03-31,2025,Q1,3,Mar,31,Monday,14,2025-03
2025-04-01,2025,Q2,4,Apr,1,Tuesday,14,2025-04
2025-04-02,2025,Q2,4,Apr,2,Wednesday,14,2025-04
2025-04-03,2025,Q2,4,Apr,3,Thursday,14,2025-04
2025-04-04,2025,Q2,4,Apr,4,Friday,14,2025-04
2025-04-05,2025,Q2,4,Apr,5,Saturday,14,2025-04
2025-04-06,2025,Q2,4,Apr,6,Sunday,14,2025-04
2025-04-07,2025,Q2,4,Apr,7,Monday,15,2025-04
2025-04-08,2025,Q2,4,Apr,8,Tuesday,15,2025-04
2025-04-09,2025,Q2,4,Apr,9,Wednesday,15,2025-04
2025-04-10,2025,Q2,4,Apr,10,Thursday,15,2025-04
2025-04-11,2025,Q2,4,Apr,11,Friday,15,2025-04
2025-04-12,2025,Q2,4,Apr,12,Saturday,15,2025-04
2025-04-13,2025,Q2,4,Apr,13,Sunday,15,2025-04
2025-04-14,2025,Q2,4,Apr,14,Monday,16,2025-04
2025-04-15,2025,Q2,4,Apr,15,Tuesday,16,2025-04
2025-04-16,2025,Q2,4,Apr,16,Wednesday,16,2025-04
2025-04-17,2025,Q2,4,Apr,17,Thursday,16,2025-04
2025-04-18,2025,Q2,4,Apr,18,Friday,16,2025-04
2025-04-19,2025,Q2,4,Apr,19,Saturday,16,2025-04
2025-04-20,2025,Q2,4,Apr,20,Sunday,16,2025-04
2025-04-21,2025,Q2,4,Apr,21,Monday,17,2025-04
2025-04-22,2025,Q2,4,Apr,22,Tuesday,17,2025-04
2025-04-23,2025,Q2,4,Apr,23,Wednesday,17,2025-04
2025-04-24,2025,Q2,4,Apr,24,Thursday,17,2025-04
2025-04-25,2025,Q2,4,Apr,25,Friday,17,2025-04
2025-04-26,2025,Q2,4,Apr,26,Saturday,17,2025-04
2025-04-27,2025,Q2,4,Apr,27,Sunday,17,2025-04
2025-04-28,2025,Q2,4,Apr,28,Monday,18,2025-04
2025-04-29,2025,Q2,4,Apr,29,Tuesday,18,2025-04
2025-04-30,2025,Q2,4,Apr,30,Wednesday,18,2025-04
2025-05-01,2025,Q2,5,May,1,Thursday,18,2025-05
2025-05-02,2025,Q2,5,May,2,Friday,18,2025-05
2025-05-03,2025,Q2,5,May,3,Saturday,18,2025-05
2025-05-04,2025,Q2,5,May,4,Sunday,18,2025-05
2025-05-05,2025,Q2,5,May,5,Monday,19,2025-05
2025-05-06,2025,Q2,5,May,6,Tuesday,19,2025-05
2025-05-07,2025,Q2,5,May,7,Wednesday,19,2025-05
2025-05-08,2025,Q2,5,May,8,Thursday,19,2025-05
2025-05-09,2025,Q2,5,May,9,Friday,19,2025-05
2025-05-10,2025,Q2,5,May,10,Saturday,19,2025-05
2025-05-11,2025,Q2,5,May,11,Sunday,19,2025-05
2025-05-12,2025,Q2,5,May,12,Monday,20,2025-05
2025-05-13,2025,Q2,5,May,13,Tuesday,20,2025-05
2025-05-14,2025,Q2,5,May,14,Wednesday,20,2025-05
2025-05-15,2025,Q2,5,May,15,Thursday,20,2025-05
2025-05-16,2025,Q2,5,May,16,Friday,20,2025-05
2025-05-17,2025,Q2,5,May,17,Saturday,20,2025-05
2025-05-18,2025,Q2,5,May,18,Sunday,20,2025-05
2025-05-19,2025,Q2,5,May,19,Monday,21,2025-05
2025-05-20,2025,Q2,5,May,20,Tuesday,21,2025-05
2025-05-21,2025,Q2,5,May,21,Wednesday,21,2025-05
2025-05-22,2025,Q2,5,May,22,Thursday,21,2025-05
2025-05-23,2025,Q2,5,May,23,Friday,21,2025-05
2025-05-24,2025,Q2,5,May,24,Saturday,21,2025-05
2025-05-25,2025,Q2,5,May,25,Sunday,21,2025-05
2025-05-26,2025,Q2,5,May,26,Monday,22,2025-05
2025-05-27,2025,Q2,5,May,27,Tuesday,22,2025-05
2025-05-28,2025,Q2,5,May,28,Wednesday,22,2025-05
2025-05-29,2025,Q2,5,May,29,Thursday,22,2025-05
2025-05-30,2025,Q2,5,May,30,Friday,22,2025-05
2025-05-31,2025,Q2,5,May,31,Saturday,22,2025-05
2025-06-01,2025,Q2,6,Jun,1,Sunday,22,2025-06
2025-06-02,2025,Q2,6,Jun,2,Monday,23,2025-06
2025-06-03,2025,Q2,6,Jun,3,Tuesday,23,2025-06
2025-06-04,2025,Q2,6,Jun,4,Wednesday,23,2025-06
2025-06-05,2025,Q2,6,Jun,5,Thursday,23,2025-06
2025-06-06,2025,Q2,6,Jun,6,Friday,23,2025-06
2025-06-07,2025,Q2,6,Jun,7,Saturday,23,2025-06
2025-06-08,2025,Q2,6,Jun,8,Sunday,23,2025-06
2025-06-09,2025,Q2,6,Jun,9,Monday,24,2025-06
2025-06-10,2025,Q2,6,Jun,10,Tuesday,24,2025-06
2025-06-11,2025,Q2,6,Jun,11,Wednesday,24,2025-06
2025-06-12,2025,Q2,6,Jun,12,Thursday,24,2025-06
2025-06-13,2025,Q2,6,Jun,13,Friday,24,2025-06
2025-06-14,2025,Q2,6,Jun,14,Saturday,24,2025-06
2025-06-15,2025,Q2,6,Jun,15,Sunday,24,2025-06
2025-06-16,2025,Q2,6,Jun,16,Monday,25,2025-06
2025-06-17,2025,Q2,6,Jun,17,Tuesday,25,2025-06
2025-06-18,2025,Q2,6,Jun,18,Wednesday,25,2025-06
2025-06-19,2025,Q2,6,Jun,19,Thursday,25,2025-06
2025-06-20,2025,Q2,6,Jun,20,Friday,25,2025-06
2025-06-21,2025,Q2,6,Jun,21,Saturday,25,2025-06
2025-06-22,2025,Q2,6,Jun,22,Sunday,25,2025-06
2025-06-23,2025,Q2,6,Jun,23,Monday,26,2025-06
2025-06-24,2025,Q2,6,Jun,24,Tuesday,26,2025-06
2025-06-25,2025,Q2,6,Jun,25,Wednesday,26,2025-06
2025-06-26,2025,Q2,6,Jun,26,Thursday,26,2025-06
2025-06-27,2025,Q2,6,Jun,27,Friday,26,2025-06
2025-06-28,2025,Q2,6,Jun,28,Saturday,26,2025-06
2025-06-29,2025,Q2,6,Jun,29,Sunday,26,2025-06
2025-06-30,2025,Q2,6,Jun,30,Monday,27,2025-06
2025-07-01,2025,Q3,7,Jul,1,Tuesday,27,2025-07
2025-07-02,2025,Q3,7,Jul,2,Wednesday,27,2025-07
2025-07-03,2025,Q3,7,Jul,3,Thursday,27,2025-07
2025-07-04,2025,Q3,7,Jul,4,Friday,27,2025-07
2025-07-05,2025,Q3,7,Jul,5,Saturday,27,2025-07
2025-07-06,2025,Q3,7,Jul,6,Sunday,27,2025-07
2025-07-07,2025,Q3,7,Jul,7,Monday,28,2025-07
2025-07-08,2025,Q3,7,Jul,8,Tuesday,28,2025-07
2025-07-09,2025,Q3,7,Jul,9,Wednesday,28,2025-07
2025-07-10,2025,Q3,7,Jul,10,Thursday,28,2025-07
2025-07-11,2025,Q3,7,Jul,11,Friday,28,2025-07
2025-07-12,2025,Q3,7,Jul,12,Saturday,28,2025-07
2025-07-13,2025,Q3,7,Jul,13,Sunday,28,2025-07
2025-07-14,2025,Q3,7,Jul,14,Monday,29,2025-07
2025-07-15,2025,Q3,7,Jul,15,Tuesday,29,2025-07
2025-07-16,2025,Q3,7,Jul,16,Wednesday,29,2025-07
2025-07-17,2025,Q3,7,Jul,17,Thursday,29,2025-07
2025-07-18,2025,Q3,7,Jul,18,Friday,29,2025-07
2025-07-19,2025,Q3,7,Jul,19,Saturday,29,2025-07
2025-07-20,2025,Q3,7,Jul,20,Sunday,29,2025-07
2025-07-21,2025,Q3,7,Jul,21,Monday,30,2025-07
2025-07-22,2025,Q3,7,Jul,22,Tuesday,30,2025-07
2025-07-23,2025,Q3,7,Jul,23,Wednesday,30,2025-07
2025-07-24,2025,Q3,7,Jul,24,Thursday,30,2025-07
2025-07-25,2025,Q3,7,Jul,25,Friday,30,2025-07
2025-07-26,2025,Q3,7,Jul,26,Saturday,30,2025-07
2025-07-27,2025,Q3,7,Jul,27,Sunday,30,2025-07
2025-07-28,2025,Q3,7,Jul,28,Monday,31,2025-07
2025-07-29,2025,Q3,7,Jul,29,Tuesday,31,2025-07
2025-07-30,2025,Q3,7,Jul,30,Wednesday,31,2025-07
2025-07-31,2025,Q3,7,Jul,31,Thursday,31,2025-07
2025-08-01,2025,Q3,8,Aug,1,Friday,31,2025-08
2025-08-02,2025,Q3,8,Aug,2,Saturday,31,2025-08
2025-08-03,2025,Q3,8,Aug,3,Sunday,31,2025-08
2025-08-04,2025,Q3,8,Aug,4,Monday,32,2025-08
2025-08-05,2025,Q3,8,Aug,5,Tuesday,32,2025-08
2025-08-06,2025,Q3,8,Aug,6,Wednesday,32,2025-08
2025-08-07,2025,Q3,8,Aug,7,Thursday,32,2025-08
2025-08-08,2025,Q3,8,Aug,8,Friday,32,2025-08
2025-08-09,2025,Q3,8,Aug,9,Saturday,32,2025-08
2025-08-10,2025,Q3,8,Aug,10,Sunday,32,2025-08
2025-08-11,2025,Q3,8,Aug,11,Monday,33,2025-08
2025-08-12,2025,Q3,8,Aug,12,Tuesday,33,2025-08
2025-08-13,2025,Q3,8,Aug,13,Wednesday,33,2025-08
2025-08-14,2025,Q3,8,Aug,14,Thursday,33,2025-08
2025-08-15,2025,Q3,8,Aug,15,Friday,33,2025-08
2025-08-16,2025,Q3,8,Aug,16,Saturday,33,2025-08
2025-08-17,2025,Q3,8,Aug,17,Sunday,33,2025-08
2025-08-18,2025,Q3,8,Aug,18,Monday,34,2025-08
2025-08-19,2025,Q3,8,Aug,19,Tuesday,34,2025-08
2025-08-20,2025,Q3,8,Aug,20,Wednesday,34,2025-08
2025-08-21,2025,Q3,8,Aug,21,Thursday,34,2025-08
2025-08-22,2025,Q3,8,Aug,22,Friday,34,2025-08
2025-08-23,2025,Q3,8,Aug,23,Saturday,34,2025-08
2025-08-24,2025,Q3,8,Aug,24,Sunday,34,2025-08
2025-08-25,2025,Q3,8,Aug,25,Monday,35,2025-08
2025-08-26,2025,Q3,8,Aug,26,Tuesday,35,2025-08
2025-08-27,2025,Q3,8,Aug,27,Wednesday,35,2025-08
2025-08-28,2025,Q3,8,Aug,28,Thursday,35,2025-08
2025-08-29,2025,Q3,8,Aug,29,Friday,35,2025-08
2025-08-30,2025,Q3,8,Aug,30,Saturday,35,2025-08
2025-08-31,2025,Q3,8,Aug,31,Sunday,35,2025-08
2025-09-01,2025,Q3,9,Sep,1,Monday,36,2025-09
2025-09-02,2025,Q3,9,Sep,2,Tuesday,36,2025-09
2025-09-03,2025,Q3,9,Sep,3,Wednesday,36,2025-09
2025-09-04,2025,Q3,9,Sep,4,Thursday,36,2025-09
2025-09-05,2025,Q3,9,Sep,5,Friday,36,2025-09
2025-09-06,2025,Q3,9,Sep,6,Saturday,36,2025-09
2025-09-07,2025,Q3,9,Sep,7,Sunday,36,2025-09
2025-09-08,2025,Q3,9,Sep,8,Monday,37,2025-09
2025-09-09,2025,Q3,9,Sep,9,Tuesday,37,2025-09
2025-09-10,2025,Q3,9,Sep,10,Wednesday,37,2025-09
2025-09-11,2025,Q3,9,Sep,11,Thursday,37,2025-09
2025-09-12,2025,Q3,9,Sep,12,Friday,37,2025-09
2025-09-13,2025,Q3,9,Sep,13,Saturday,37,2025-09
2025-09-14,2025,Q3,9,Sep,14,Sunday,37,2025-09
2025-09-15,2025,Q3,9,Sep,15,Monday,38,2025-09
2025-09-16,2025,Q3,9,Sep,16,Tuesday,38,2025-09
2025-09-17,2025,Q3,9,Sep,17,Wednesday,38,2025-09
2025-09-18,2025,Q3,9,Sep,18,Thursday,38,2025-09
2025-09-19,2025,Q3,9,Sep,19,Friday,38,2025-09
2025-09-20,2025,Q3,9,Sep,20,Saturday,38,2025-09
2025-09-21,2025,Q3,9,Sep,21,Sunday,38,2025-09
2025-09-22,2025,Q3,9,Sep,22,Monday,39,2025-09
2025-09-23,2025,Q3,9,Sep,23,Tuesday,39,2025-09
2025-09-24,2025,Q3,9,Sep,24,Wednesday,39,2025-09
2025-09-25,2025,Q3,9,Sep,25,Thursday,39,2025-09
2025-09-26,2025,Q3,9,Sep,26,Friday,39,2025-09
2025-09-27,2025,Q3,9,Sep,27,Saturday,39,2025-09
2025-09-28,2025,Q3,9,Sep,28,Sunday,39,2025-09
2025-09-29,2025,Q3,9,Sep,29,Monday,40,2025-09
2025-09-30,2025,Q3,9,Sep,30,Tuesday,40,2025-09
2025-10-01,2025,Q4,10,Oct,1,Wednesday,40,2025-10
2025-10-02,2025,Q4,10,Oct,2,Thursday,40,2025-10
2025-10-03,2025,Q4,10,Oct,3,Friday,40,2025-10
2025-10-04,2025,Q4,10,Oct,4,Saturday,40,2025-10
2025-10-05,2025,Q4,10,Oct,5,Sunday,40,2025-10
2025-10-06,2025,Q4,10,Oct,6,Monday,41,2025-10
2025-10-07,2025,Q4,10,Oct,7,Tuesday,41,2025-10
2025-10-08,2025,Q4,10,Oct,8,Wednesday,41,2025-10
2025-10-09,2025,Q4,10,Oct,9,Thursday,41,2025-10
2025-10-10,2025,Q4,10,Oct,10,Friday,41,2025-10
2025-10-11,2025,Q4,10,Oct,11,Saturday,41,2025-10
2025-10-12,2025,Q4,10,Oct,12,Sunday,41,2025-10
2025-10-13,2025,Q4,10,Oct,13,Monday,42,2025-10
2025-10-14,2025,Q4,10,Oct,14,Tuesday,42,2025-10
2025-10-15,2025,Q4,10,Oct,15,Wednesday,42,2025-10
2025-10-16,2025,Q4,10,Oct,16,Thursday,42,2025-10
2025-10-17,2025,Q4,10,Oct,17,Friday,42,2025-10
2025-10-18,2025,Q4,10,Oct,18,Saturday,42,2025-10
2025-10-19,2025,Q4,10,Oct,19,Sunday,42,2025-10
2025-10-20,2025,Q4,10,Oct,20,Monday,43,2025-10
2025-10-21,2025,Q4,10,Oct,21,Tuesday,43,2025-10
2025-10-22,2025,Q4,10,Oct,22,Wednesday,43,2025-10
2025-10-23,2025,Q4,10,Oct,23,Thursday,43,2025-10
2025-10-24,2025,Q4,10,Oct,24,Friday,43,2025-10
2025-10-25,2025,Q4,10,Oct,25,Saturday,43,2025-10
2025-10-26,2025,Q4,10,Oct,26,Sunday,43,2025-10
2025-10-27,2025,Q4,10,Oct,27,Monday,44,2025-10
2025-10-28,2025,Q4,10,Oct,28,Tuesday,44,2025-10
2025-10-29,2025,Q4,10,Oct,29,Wednesday,44,2025-10
2025-10-30,2025,Q4,10,Oct,30,Thursday,44,2025-10
2025-10-31,2025,Q4,10,Oct,31,Friday,44,2025-10
2025-11-01,2025,Q4,11,Nov,1,Saturday,44,2025-11
2025-11-02,2025,Q4,11,Nov,2,Sunday,44,2025-11
2025-11-03,2025,Q4,11,Nov,3,Monday,45,2025-11
2025-11-04,2025,Q4,11,Nov,4,Tuesday,45,2025-11
2025-11-05,2025,Q4,11,Nov,5,Wednesday,45,2025-11
2025-11-06,2025,Q4,11,Nov,6,Thursday,45,2025-11
2025-11-07,2025,Q4,11,Nov,7,Friday,45,2025-11
2025-11-08,2025,Q4,11,Nov,8,Saturday,45,2025-11
2025-11-09,2025,Q4,11,Nov,9,Sunday,45,2025-11
2025-11-10,2025,Q4,11,Nov,10,Monday,46,2025-11
2025-11-11,2025,Q4,11,Nov,11,Tuesday,46,2025-11
2025-11-12,2025,Q4,11,Nov,12,Wednesday,46,2025-11
2025-11-13,2025,Q4,11,Nov,13,Thursday,46,2025-11
2025-11-14,2025,Q4,11,Nov,14,Friday,46,2025-11
2025-11-15,2025,Q4,11,Nov,15,Saturday,46,2025-11
2025-11-16,2025,Q4,11,Nov,16,Sunday,46,2025-11
2025-11-17,2025,Q4,11,Nov,17,Monday,47,2025-11
2025-11-18,2025,Q4,11,Nov,18,Tuesday,47,2025-11
2025-11-19,2025,Q4,11,Nov,19,Wednesday,47,2025-11
2025-11-20,2025,Q4,11,Nov,20,Thursday,47,2025-11
2025-11-21,2025,Q4,11,Nov,21,Friday,47,2025-11
2025-11-22,2025,Q4,11,Nov,22,Saturday,47,2025-11
2025-11-23,2025,Q4,11,Nov,23,Sunday,47,2025-11
2025-11-24,2025,Q4,11,Nov,24,Monday,48,2025-11
2025-11-25,2025,Q4,11,Nov,25,Tuesday,48,2025-11
2025-11-26,2025,Q4,11,Nov,26,Wednesday,48,2025-11
2025-11-27,2025,Q4,11,Nov,27,Thursday,48,2025-11
2025-11-28,2025,Q4,11,Nov,28,Friday,48,2025-11
2025-11-29,2025,Q4,11,Nov,29,Saturday,48,2025-11
2025-11-30,2025,Q4,11,Nov,30,Sunday,48,2025-11
2025-12-01,2025,Q4,12,Dec,1,Monday,49,2025-12
2025-12-02,2025,Q4,12,Dec,2,Tuesday,49,2025-12
2025-12-03,2025,Q4,12,Dec,3,Wednesday,49,2025-12
2025-12-04,2025,Q4,12,Dec,4,Thursday,49,2025-12
2025-12-05,2025,Q4,12,Dec,5,Friday,49,2025-12
2025-12-06,2025,Q4,12,Dec,6,Saturday,49,2025-12
2025-12-07,2025,Q4,12,Dec,7,Sunday,49,2025-12
2025-12-08,2025,Q4,12,Dec,8,Monday,50,2025-12
2025-12-09,2025,Q4,12,Dec,9,Tuesday,50,2025-12
2025-12-10,2025,Q4,12,Dec,10,Wednesday,50,2025-12
2025-12-11,2025,Q4,12,Dec,11,Thursday,50,2025-12
2025-12-12,2025,Q4,12,Dec,12,Friday,50,2025-12
2025-12-13,2025,Q4,12,Dec,13,Saturday,50,2025-12
2025-12-14,2025,Q4,12,Dec,14,Sunday,50,2025-12
2025-12-15,2025,Q4,12,Dec,15,Monday,51,2025-12
2025-12-16,2025,Q4,12,Dec,16,Tuesday,51,2025-12
2025-12-17,2025,Q4,12,Dec,17,Wednesday,51,2025-12
2025-12-18,2025,Q4,12,Dec,18,Thursday,51,2025-12
2025-12-19,2025,Q4,12,Dec,19,Friday,51,2025-12
2025-12-20,2025,Q4,12,Dec,20,Saturday,51,2025-12
2025-12-21,2025,Q4,12,Dec,21,Sunday,51,2025-12
2025-12-22,2025,Q4,12,Dec,22,Monday,52,2025-12
2025-12-23,2025,Q4,12,Dec,23,Tuesday,52,2025-12
2025-12-24,2025,Q4,12,Dec,24,Wednesday,52,2025-12
2025-12-25,2025,Q4,12,Dec,25,Thursday,52,2025-12
2025-12-26,2025,Q4,12,Dec,26,Friday,52,2025-12
2025-12-27,2025,Q4,12,Dec,27,Saturday,52,2025-12
2025-12-28,2025,Q4,12,Dec,28,Sunday,52,2025-12
2025-12-29,2025,Q4,12,Dec,29,Monday,1,2025-12
2025-12-30,2025,Q4,12,Dec,30,Tuesday,1,2025-12
2025-12-31,2025,Q4,12,Dec,31,Wednesday,1,2025-12
2026-01-01,2026,Q1,1,Jan,1,Thursday,1,2026-01
2026-01-02,2026,Q1,1,Jan,2,Friday,1,2026-01
2026-01-03,2026,Q1,1,Jan,3,Saturday,1,2026-01
2026-01-04,2026,Q1,1,Jan,4,Sunday,1,2026-01
2026-01-05,2026,Q1,1,Jan,5,Monday,2,2026-01
2026-01-06,2026,Q1,1,Jan,6,Tuesday,2,2026-01
2026-01-07,2026,Q1,1,Jan,7,Wednesday,2,2026-01
2026-01-08,2026,Q1,1,Jan,8,Thursday,2,2026-01
2026-01-09,2026,Q1,1,Jan,9,Friday,2,2026-01
2026-01-10,2026,Q1,1,Jan,10,Saturday,2,2026-01
2026-01-11,2026,Q1,1,Jan,11,Sunday,2,2026-01
2026-01-12,2026,Q1,1,Jan,12,Monday,3,2026-01
2026-01-13,2026,Q1,1,Jan,13,Tuesday,3,2026-01
2026-01-14,2026,Q1,1,Jan,14,Wednesday,3,2026-01
2026-01-15,2026,Q1,1,Jan,15,Thursday,3,2026-01
2026-01-16,2026,Q1,1,Jan,16,Friday,3,2026-01
2026-01-17,2026,Q1,1,Jan,17,Saturday,3,2026-01
2026-01-18,2026,Q1,1,Jan,18,Sunday,3,2026-01
2026-01-19,2026,Q1,1,Jan,19,Monday,4,2026-01
2026-01-20,2026,Q1,1,Jan,20,Tuesday,4,2026-01
2026-01-21,2026,Q1,1,Jan,21,Wednesday,4,2026-01
2026-01-22,2026,Q1,1,Jan,22,Thursday,4,2026-01
2026-01-23,2026,Q1,1,Jan,23,Friday,4,2026-01
2026-01-24,2026,Q1,1,Jan,24,Saturday,4,2026-01
2026-01-25,2026,Q1,1,Jan,25,Sunday,4,2026-01
2026-01-26,2026,Q1,1,Jan,26,Monday,5,2026-01
2026-01-27,2026,Q1,1,Jan,27,Tuesday,5,2026-01
2026-01-28,2026,Q1,1,Jan,28,Wednesday,5,2026-01
2026-01-29,2026,Q1,1,Jan,29,Thursday,5,2026-01
2026-01-30,2026,Q1,1,Jan,30,Friday,5,2026-01
2026-01-31,2026,Q1,1,Jan,31,Saturday,5,2026-01
2026-02-01,2026,Q1,2,Feb,1,Sunday,5,2026-02
2026-02-02,2026,Q1,2,Feb,2,Monday,6,2026-02
2026-02-03,2026,Q1,2,Feb,3,Tuesday,6,2026-02
2026-02-04,2026,Q1,2,Feb,4,Wednesday,6,2026-02
2026-02-05,2026,Q1,2,Feb,5,Thursday,6,2026-02
2026-02-06,2026,Q1,2,Feb,6,Friday,6,2026-02
2026-02-07,2026,Q1,2,Feb,7,Saturday,6,2026-02
2026-02-08,2026,Q1,2,Feb,8,Sunday,6,2026-02
2026-02-09,2026,Q1,2,Feb,9,Monday,7,2026-02
2026-02-10,2026,Q1,2,Feb,10,Tuesday,7,2026-02
2026-02-11,2026,Q1,2,Feb,11,Wednesday,7,2026-02
2026-02-12,2026,Q1,2,Feb,12,Thursday,7,2026-02
2026-02-13,2026,Q1,2,Feb,13,Friday,7,2026-02
2026-02-14,2026,Q1,2,Feb,14,Saturday,7,2026-02
2026-02-15,2026,Q1,2,Feb,15,Sunday,7,2026-02
2026-02-16,2026,Q1,2,Feb,16,Monday,8,2026-02
2026-02-17,2026,Q1,2,Feb,17,Tuesday,8,2026-02
2026-02-18,2026,Q1,2,Feb,18,Wednesday,8,2026-02
2026-02-19,2026,Q1,2,Feb,19,Thursday,8,2026-02
2026-02-20,2026,Q1,2,Feb,20,Friday,8,2026-02
2026-02-21,2026,Q1,2,Feb,21,Saturday,8,2026-02
2026-02-22,2026,Q1,2,Feb,22,Sunday,8,2026-02
2026-02-23,2026,Q1,2,Feb,23,Monday,9,2026-02
2026-02-24,2026,Q1,2,Feb,24,Tuesday,9,2026-02
2026-02-25,2026,Q1,2,Feb,25,Wednesday,9,2026-02
2026-02-26,2026,Q1,2,Feb,26,Thursday,9,2026-02
2026-02-27,2026,Q1,2,Feb,27,Friday,9,2026-02
2026-02-28,2026,Q1,2,Feb,28,Saturday,9,2026-02
2026-03-01,2026,Q1,3,Mar,1,Sunday,9,2026-03
2026-03-02,2026,Q1,3,Mar,2,Monday,10,2026-03
2026-03-03,2026,Q1,3,Mar,3,Tuesday,10,2026-03
2026-03-04,2026,Q1,3,Mar,4,Wednesday,10,2026-03
2026-03-05,2026,Q1,3,Mar,5,Thursday,10,2026-03
2026-03-06,2026,Q1,3,Mar,6,Friday,10,2026-03
2026-03-07,2026,Q1,3,Mar,7,Saturday,10,2026-03
2026-03-08,2026,Q1,3,Mar,8,Sunday,10,2026-03
2026-03-09,2026,Q1,3,Mar,9,Monday,11,2026-03
2026-03-10,2026,Q1,3,Mar,10,Tuesday,11,2026-03
2026-03-11,2026,Q1,3,Mar,11,Wednesday,11,2026-03
2026-03-12,2026,Q1,3,Mar,12,Thursday,11,2026-03
2026-03-13,2026,Q1,3,Mar,13,Friday,11,2026-03
2026-03-14,2026,Q1,3,Mar,14,Saturday,11,2026-03
2026-03-15,2026,Q1,3,Mar,15,Sunday,11,2026-03
2026-03-16,2026,Q1,3,Mar,16,Monday,12,2026-03
2026-03-17,2026,Q1,3,Mar,17,Tuesday,12,2026-03
2026-03-18,2026,Q1,3,Mar,18,Wednesday,12,2026-03
2026-03-19,2026,Q1,3,Mar,19,Thursday,12,2026-03
2026-03-20,2026,Q1,3,Mar,20,Friday,12,2026-03
2026-03-21,2026,Q1,3,Mar,21,Saturday,12,2026-03
2026-03-22,2026,Q1,3,Mar,22,Sunday,12,2026-03
2026-03-23,2026,Q1,3,Mar,23,Monday,13,2026-03
2026-03-24,2026,Q1,3,Mar,24,Tuesday,13,2026-03
2026-03-25,2026,Q1,3,Mar,25,Wednesday,13,2026-03
2026-03-26,2026,Q1,3,Mar,26,Thursday,13,2026-03
2026-03-27,2026,Q1,3,Mar,27,Friday,13,2026-03
2026-03-28,2026,Q1,3,Mar,28,Saturday,13,2026-03
2026-03-29,2026,Q1,3,Mar,29,Sunday,13,2026-03
2026-03-30,2026,Q1,3,Mar,30,Monday,14,2026-03
2026-03-31,2026,Q1,3,Mar,31,Tuesday,14,2026-03
2026-04-01,2026,Q2,4,Apr,1,Wednesday,14,2026-04
2026-04-02,2026,Q2,4,Apr,2,Thursday,14,2026-04
2026-04-03,2026,Q2,4,Apr,3,Friday,14,2026-04
2026-04-04,2026,Q2,4,Apr,4,Saturday,14,2026-04
2026-04-05,2026,Q2,4,Apr,5,Sunday,14,2026-04
2026-04-06,2026,Q2,4,Apr,6,Monday,15,2026-04
2026-04-07,2026,Q2,4,Apr,7,Tuesday,15,2026-04
2026-04-08,2026,Q2,4,Apr,8,Wednesday,15,2026-04
2026-04-09,2026,Q2,4,Apr,9,Thursday,15,2026-04
2026-04-10,2026,Q2,4,Apr,10,Friday,15,2026-04
2026-04-11,2026,Q2,4,Apr,11,Saturday,15,2026-04
2026-04-12,2026,Q2,4,Apr,12,Sunday,15,2026-04
2026-04-13,2026,Q2,4,Apr,13,Monday,16,2026-04
2026-04-14,2026,Q2,4,Apr,14,Tuesday,16,2026-04
2026-04-15,2026,Q2,4,Apr,15,Wednesday,16,2026-04
2026-04-16,2026,Q2,4,Apr,16,Thursday,16,2026-04
2026-04-17,2026,Q2,4,Apr,17,Friday,16,2026-04
2026-04-18,2026,Q2,4,Apr,18,Saturday,16,2026-04
2026-04-19,2026,Q2,4,Apr,19,Sunday,16,2026-04
2026-04-20,2026,Q2,4,Apr,20,Monday,17,2026-04
2026-04-21,2026,Q2,4,Apr,21,Tuesday,17,2026-04
2026-04-22,2026,Q2,4,Apr,22,Wednesday,17,2026-04
2026-04-23,2026,Q2,4,Apr,23,Thursday,17,2026-04
2026-04-24,2026,Q2,4,Apr,24,Friday,17,2026-04
2026-04-25,2026,Q2,4,Apr,25,Saturday,17,2026-04
2026-04-26,2026,Q2,4,Apr,26,Sunday,17,2026-04
2026-04-27,2026,Q2,4,Apr,27,Monday,18,2026-04
2026-04-28,2026,Q2,4,Apr,28,Tuesday,18,2026-04
2026-04-29,2026,Q2,4,Apr,29,Wednesday,18,2026-04
2026-04-30,2026,Q2,4,Apr,30,Thursday,18,2026-04
2026-05-01,2026,Q2,5,May,1,Friday,18,2026-05
2026-05-02,2026,Q2,5,May,2,Saturday,18,2026-05
2026-05-03,2026,Q2,5,May,3,Sunday,18,2026-05
2026-05-04,2026,Q2,5,May,4,Monday,19,2026-05
2026-05-05,2026,Q2,5,May,5,Tuesday,19,2026-05
2026-05-06,2026,Q2,5,May,6,Wednesday,19,2026-05
2026-05-07,2026,Q2,5,May,7,Thursday,19,2026-05
2026-05-08,2026,Q2,5,May,8,Friday,19,2026-05
2026-05-09,2026,Q2,5,May,9,Saturday,19,2026-05
2026-05-10,2026,Q2,5,May,10,Sunday,19,2026-05
2026-05-11,2026,Q2,5,May,11,Monday,20,2026-05
2026-05-12,2026,Q2,5,May,12,Tuesday,20,2026-05
2026-05-13,2026,Q2,5,May,13,Wednesday,20,2026-05
2026-05-14,2026,Q2,5,May,14,Thursday,20,2026-05
2026-05-15,2026,Q2,5,May,15,Friday,20,2026-05
2026-05-16,2026,Q2,5,May,16,Saturday,20,2026-05
2026-05-17,2026,Q2,5,May,17,Sunday,20,2026-05
2026-05-18,2026,Q2,5,May,18,Monday,21,2026-05
2026-05-19,2026,Q2,5,May,19,Tuesday,21,2026-05
2026-05-20,2026,Q2,5,May,20,Wednesday,21,2026-05
2026-05-21,2026,Q2,5,May,21,Thursday,21,2026-05
2026-05-22,2026,Q2,5,May,22,Friday,21,2026-05
2026-05-23,2026,Q2,5,May,23,Saturday,21,2026-05
2026-05-24,2026,Q2,5,May,24,Sunday,21,2026-05
2026-05-25,2026,Q2,5,May,25,Monday,22,2026-05
2026-05-26,2026,Q2,5,May,26,Tuesday,22,2026-05
2026-05-27,2026,Q2,5,May,27,Wednesday,22,2026-05
2026-05-28,2026,Q2,5,May,28,Thursday,22,2026-05
2026-05-29,2026,Q2,5,May,29,Friday,22,2026-05
2026-05-30,2026,Q2,5,May,30,Saturday,22,2026-05
2026-05-31,2026,Q2,5,May,31,Sunday,22,2026-05
2026-06-01,2026,Q2,6,Jun,1,Monday,23,2026-06
2026-06-02,2026,Q2,6,Jun,2,Tuesday,23,2026-06
2026-06-03,2026,Q2,6,Jun,3,Wednesday,23,2026-06
2026-06-04,2026,Q2,6,Jun,4,Thursday,23,2026-06
2026-06-05,2026,Q2,6,Jun,5,Friday,23,2026-06
2026-06-06,2026,Q2,6,Jun,6,Saturday,23,2026-06
2026-06-07,2026,Q2,6,Jun,7,Sunday,23,2026-06
2026-06-08,2026,Q2,6,Jun,8,Monday,24,2026-06
2026-06-09,2026,Q2,6,Jun,9,Tuesday,24,2026-06
2026-06-10,2026,Q2,6,Jun,10,Wednesday,24,2026-06
2026-06-11,2026,Q2,6,Jun,11,Thursday,24,2026-06
2026-06-12,2026,Q2,6,Jun,12,Friday,24,2026-06
2026-06-13,2026,Q2,6,Jun,13,Saturday,24,2026-06
2026-06-14,2026,Q2,6,Jun,14,Sunday,24,2026-06
2026-06-15,2026,Q2,6,Jun,15,Monday,25,2026-06
2026-06-16,2026,Q2,6,Jun,16,Tuesday,25,2026-06
2026-06-17,2026,Q2,6,Jun,17,Wednesday,25,2026-06
2026-06-18,2026,Q2,6,Jun,18,Thursday,25,2026-06
2026-06-19,2026,Q2,6,Jun,19,Friday,25,2026-06
2026-06-20,2026,Q2,6,Jun,20,Saturday,25,2026-06
2026-06-21,2026,Q2,6,Jun,21,Sunday,25,2026-06
2026-06-22,2026,Q2,6,Jun,22,Monday,26,2026-06
2026-06-23,2026,Q2,6,Jun,23,Tuesday,26,2026-06
2026-06-24,2026,Q2,6,Jun,24,Wednesday,26,2026-06
2026-06-25,2026,Q2,6,Jun,25,Thursday,26,2026-06
2026-06-26,2026,Q2,6,Jun,26,Friday,26,2026-06
2026-06-27,2026,Q2,6,Jun,27,Saturday,26,2026-06
2026-06-28,2026,Q2,6,Jun,28,Sunday,26,2026-06
2026-06-29,2026,Q2,6,Jun,29,Monday,27,2026-06
2026-06-30,2026,Q2,6,Jun,30,Tuesday,27,2026-06
2026-07-01,2026,Q3,7,Jul,1,Wednesday,27,2026-07
2026-07-02,2026,Q3,7,Jul,2,Thursday,27,2026-07
2026-07-03,2026,Q3,7,Jul,3,Friday,27,2026-07
2026-07-04,2026,Q3,7,Jul,4,Saturday,27,2026-07
2026-07-05,2026,Q3,7,Jul,5,Sunday,27,2026-07
2026-07-06,2026,Q3,7,Jul,6,Monday,28,2026-07
2026-07-07,2026,Q3,7,Jul,7,Tuesday,28,2026-07
2026-07-08,2026,Q3,7,Jul,8,Wednesday,28,2026-07
2026-07-09,2026,Q3,7,Jul,9,Thursday,28,2026-07
2026-07-10,2026,Q3,7,Jul,10,Friday,28,2026-07
2026-07-11,2026,Q3,7,Jul,11,Saturday,28,2026-07
2026-07-12,2026,Q3,7,Jul,12,Sunday,28,2026-07
2026-07-13,2026,Q3,7,Jul,13,Monday,29,2026-07
2026-07-14,2026,Q3,7,Jul,14,Tuesday,29,2026-07
2026-07-15,2026,Q3,7,Jul,15,Wednesday,29,2026-07
2026-07-16,2026,Q3,7,Jul,16,Thursday,29,2026-07
2026-07-17,2026,Q3,7,Jul,17,Friday,29,2026-07
2026-07-18,2026,Q3,7,Jul,18,Saturday,29,2026-07
2026-07-19,2026,Q3,7,Jul,19,Sunday,29,2026-07
2026-07-20,2026,Q3,7,Jul,20,Monday,30,2026-07
2026-07-21,2026,Q3,7,Jul,21,Tuesday,30,2026-07
2026-07-22,2026,Q3,7,Jul,22,Wednesday,30,2026-07
2026-07-23,2026,Q3,7,Jul,23,Thursday,30,2026-07
2026-07-24,2026,Q3,7,Jul,24,Friday,30,2026-07
2026-07-25,2026,Q3,7,Jul,25,Saturday,30,2026-07
2026-07-26,2026,Q3,7,Jul,26,Sunday,30,2026-07
2026-07-27,2026,Q3,7,Jul,27,Monday,31,2026-07
2026-07-28,2026,Q3,7,Jul,28,Tuesday,31,2026-07
2026-07-29,2026,Q3,7,Jul,29,Wednesday,31,2026-07
2026-07-30,2026,Q3,7,Jul,30,Thursday,31,2026-07
2026-07-31,2026,Q3,7,Jul,31,Friday,31,2026-07
2026-08-01,2026,Q3,8,Aug,1,Saturday,31,2026-08
2026-08-02,2026,Q3,8,Aug,2,Sunday,31,2026-08
2026-08-03,2026,Q3,8,Aug,3,Monday,32,2026-08
2026-08-04,2026,Q3,8,Aug,4,Tuesday,32,2026-08
2026-08-05,2026,Q3,8,Aug,5,Wednesday,32,2026-08
2026-08-06,2026,Q3,8,Aug,6,Thursday,32,2026-08
2026-08-07,2026,Q3,8,Aug,7,Friday,32,2026-08
2026-08-08,2026,Q3,8,Aug,8,Saturday,32,2026-08
2026-08-09,2026,Q3,8,Aug,9,Sunday,32,2026-08
2026-08-10,2026,Q3,8,Aug,10,Monday,33,2026-08
2026-08-11,2026,Q3,8,Aug,11,Tuesday,33,2026-08
2026-08-12,2026,Q3,8,Aug,12,Wednesday,33,2026-08
2026-08-13,2026,Q3,8,Aug,13,Thursday,33,2026-08
2026-08-14,2026,Q3,8,Aug,14,Friday,33,2026-08
2026-08-15,2026,Q3,8,Aug,15,Saturday,33,2026-08
2026-08-16,2026,Q3,8,Aug,16,Sunday,33,2026-08
2026-08-17,2026,Q3,8,Aug,17,Monday,34,2026-08
2026-08-18,2026,Q3,8,Aug,18,Tuesday,34,2026-08
2026-08-19,2026,Q3,8,Aug,19,Wednesday,34,2026-08
2026-08-20,2026,Q3,8,Aug,20,Thursday,34,2026-08
2026-08-21,2026,Q3,8,Aug,21,Friday,34,2026-08
2026-08-22,2026,Q3,8,Aug,22,Saturday,34,2026-08
2026-08-23,2026,Q3,8,Aug,23,Sunday,34,2026-08
2026-08-24,2026,Q3,8,Aug,24,Monday,35,2026-08
2026-08-25,2026,Q3,8,Aug,25,Tuesday,35,2026-08
2026-08-26,2026,Q3,8,Aug,26,Wednesday,35,2026-08
2026-08-27,2026,Q3,8,Aug,27,Thursday,35,2026-08
2026-08-28,2026,Q3,8,Aug,28,Friday,35,2026-08
2026-08-29,2026,Q3,8,Aug,29,Saturday,35,2026-08
2026-08-30,2026,Q3,8,Aug,30,Sunday,35,2026-08
2026-08-31,2026,Q3,8,Aug,31,Monday,36,2026-08
2026-09-01,2026,Q3,9,Sep,1,Tuesday,36,2026-09
2026-09-02,2026,Q3,9,Sep,2,Wednesday,36,2026-09
2026-09-03,2026,Q3,9,Sep,3,Thursday,36,2026-09
2026-09-04,2026,Q3,9,Sep,4,Friday,36,2026-09
2026-09-05,2026,Q3,9,Sep,5,Saturday,36,2026-09
2026-09-06,2026,Q3,9,Sep,6,Sunday,36,2026-09
2026-09-07,2026,Q3,9,Sep,7,Monday,37,2026-09
2026-09-08,2026,Q3,9,Sep,8,Tuesday,37,2026-09
2026-09-09,2026,Q3,9,Sep,9,Wednesday,37,2026-09
2026-09-10,2026,Q3,9,Sep,10,Thursday,37,2026-09
2026-09-11,2026,Q3,9,Sep,11,Friday,37,2026-09
2026-09-12,2026,Q3,9,Sep,12,Saturday,37,2026-09
2026-09-13,2026,Q3,9,Sep,13,Sunday,37,2026-09
2026-09-14,2026,Q3,9,Sep,14,Monday,38,2026-09
2026-09-15,2026,Q3,9,Sep,15,Tuesday,38,2026-09
2026-09-16,2026,Q3,9,Sep,16,Wednesday,38,2026-09
2026-09-17,2026,Q3,9,Sep,17,Thursday,38,2026-09
2026-09-18,2026,Q3,9,Sep,18,Friday,38,2026-09
2026-09-19,2026,Q3,9,Sep,19,Saturday,38,2026-09
2026-09-20,2026,Q3,9,Sep,20,Sunday,38,2026-09
2026-09-21,2026,Q3,9,Sep,21,Monday,39,2026-09
2026-09-22,2026,Q3,9,Sep,22,Tuesday,39,2026-09
2026-09-23,2026,Q3,9,Sep,23,Wednesday,39,2026-09
2026-09-24,2026,Q3,9,Sep,24,Thursday,39,2026-09
2026-09-25,2026,Q3,9,Sep,25,Friday,39,2026-09
2026-09-26,2026,Q3,9,Sep,26,Saturday,39,2026-09
2026-09-27,2026,Q3,9,Sep,27,Sunday,39,2026-09
2026-09-28,2026,Q3,9,Sep,28,Monday,40,2026-09
2026-09-29,2026,Q3,9,Sep,29,Tuesday,40,2026-09
2026-09-30,2026,Q3,9,Sep,30,Wednesday,40,2026-09
2026-10-01,2026,Q4,10,Oct,1,Thursday,40,2026-10
2026-10-02,2026,Q4,10,Oct,2,Friday,40,2026-10
2026-10-03,2026,Q4,10,Oct,3,Saturday,40,2026-10
2026-10-04,2026,Q4,10,Oct,4,Sunday,40,2026-10
2026-10-05,2026,Q4,10,Oct,5,Monday,41,2026-10
2026-10-06,2026,Q4,10,Oct,6,Tuesday,41,2026-10
2026-10-07,2026,Q4,10,Oct,7,Wednesday,41,2026-10
2026-10-08,2026,Q4,10,Oct,8,Thursday,41,2026-10
2026-10-09,2026,Q4,10,Oct,9,Friday,41,2026-10
2026-10-10,2026,Q4,10,Oct,10,Saturday,41,2026-10
2026-10-11,2026,Q4,10,Oct,11,Sunday,41,2026-10
2026-10-12,2026,Q4,10,Oct,12,Monday,42,2026-10
2026-10-13,2026,Q4,10,Oct,13,Tuesday,42,2026-10
2026-10-14,2026,Q4,10,Oct,14,Wednesday,42,2026-10
2026-10-15,2026,Q4,10,Oct,15,Thursday,42,2026-10
2026-10-16,2026,Q4,10,Oct,16,Friday,42,2026-10
2026-10-17,2026,Q4,10,Oct,17,Saturday,42,2026-10
2026-10-18,2026,Q4,10,Oct,18,Sunday,42,2026-10
2026-10-19,2026,Q4,10,Oct,19,Monday,43,2026-10
2026-10-20,2026,Q4,10,Oct,20,Tuesday,43,2026-10
2026-10-21,2026,Q4,10,Oct,21,Wednesday,43,2026-10
2026-10-22,2026,Q4,10,Oct,22,Thursday,43,2026-10
2026-10-23,2026,Q4,10,Oct,23,Friday,43,2026-10
2026-10-24,2026,Q4,10,Oct,24,Saturday,43,2026-10
2026-10-25,2026,Q4,10,Oct,25,Sunday,43,2026-10
2026-10-26,2026,Q4,10,Oct,26,Monday,44,2026-10
2026-10-27,2026,Q4,10,Oct,27,Tuesday,44,2026-10
2026-10-28,2026,Q4,10,Oct,28,Wednesday,44,2026-10
2026-10-29,2026,Q4,10,Oct,29,Thursday,44,2026-10
2026-10-30,2026,Q4,10,Oct,30,Friday,44,2026-10
2026-10-31,2026,Q4,10,Oct,31,Saturday,44,2026-10
2026-11-01,2026,Q4,11,Nov,1,Sunday,44,2026-11
2026-11-02,2026,Q4,11,Nov,2,Monday,45,2026-11
2026-11-03,2026,Q4,11,Nov,3,Tuesday,45,2026-11
2026-11-04,2026,Q4,11,Nov,4,Wednesday,45,2026-11
2026-11-05,2026,Q4,11,Nov,5,Thursday,45,2026-11
2026-11-06,2026,Q4,11,Nov,6,Friday,45,2026-11
2026-11-07,2026,Q4,11,Nov,7,Saturday,45,2026-11
2026-11-08,2026,Q4,11,Nov,8,Sunday,45,2026-11
2026-11-09,2026,Q4,11,Nov,9,Monday,46,2026-11
2026-11-10,2026,Q4,11,Nov,10,Tuesday,46,2026-11
2026-11-11,2026,Q4,11,Nov,11,Wednesday,46,2026-11
2026-11-12,2026,Q4,11,Nov,12,Thursday,46,2026-11
2026-11-13,2026,Q4,11,Nov,13,Friday,46,2026-11
2026-11-14,2026,Q4,11,Nov,14,Saturday,46,2026-11
2026-11-15,2026,Q4,11,Nov,15,Sunday,46,2026-11
2026-11-16,2026,Q4,11,Nov,16,Monday,47,2026-11
2026-11-17,2026,Q4,11,Nov,17,Tuesday,47,2026-11
2026-11-18,2026,Q4,11,Nov,18,Wednesday,47,2026-11
2026-11-19,2026,Q4,11,Nov,19,Thursday,47,2026-11
2026-11-20,2026,Q4,11,Nov,20,Friday,47,2026-11
2026-11-21,2026,Q4,11,Nov,21,Saturday,47,2026-11
2026-11-22,2026,Q4,11,Nov,22,Sunday,47,2026-11
2026-11-23,2026,Q4,11,Nov,23,Monday,48,2026-11
2026-11-24,2026,Q4,11,Nov,24,Tuesday,48,2026-11
2026-11-25,2026,Q4,11,Nov,25,Wednesday,48,2026-11
2026-11-26,2026,Q4,11,Nov,26,Thursday,48,2026-11
2026-11-27,2026,Q4,11,Nov,27,Friday,48,2026-11
2026-11-28,2026,Q4,11,Nov,28,Saturday,48,2026-11
2026-11-29,2026,Q4,11,Nov,29,Sunday,48,2026-11
2026-11-30,2026,Q4,11,Nov,30,Monday,49,2026-11
2026-12-01,2026,Q4,12,Dec,1,Tuesday,49,2026-12
2026-12-02,2026,Q4,12,Dec,2,Wednesday,49,2026-12
2026-12-03,2026,Q4,12,Dec,3,Thursday,49,2026-12
2026-12-04,2026,Q4,12,Dec,4,Friday,49,2026-12
2026-12-05,2026,Q4,12,Dec,5,Saturday,49,2026-12
2026-12-06,2026,Q4,12,Dec,6,Sunday,49,2026-12
2026-12-07,2026,Q4,12,Dec,7,Monday,50,2026-12
2026-12-08,2026,Q4,12,Dec,8,Tuesday,50,2026-12
2026-12-09,2026,Q4,12,Dec,9,Wednesday,50,2026-12
2026-12-10,2026,Q4,12,Dec,10,Thursday,50,2026-12
2026-12-11,2026,Q4,12,Dec,11,Friday,50,2026-12
2026-12-12,2026,Q4,12,Dec,12,Saturday,50,2026-12
2026-12-13,2026,Q4,12,Dec,13,Sunday,50,2026-12
2026-12-14,2026,Q4,12,Dec,14,Monday,51,2026-12
2026-12-15,2026,Q4,12,Dec,15,Tuesday,51,2026-12
2026-12-16,2026,Q4,12,Dec,16,Wednesday,51,2026-12
2026-12-17,2026,Q4,12,Dec,17,Thursday,51,2026-12
2026-12-18,2026,Q4,12,Dec,18,Friday,51,2026-12
2026-12-19,2026,Q4,12,Dec,19,Saturday,51,2026-12
2026-12-20,2026,Q4,12,Dec,20,Sunday,51,2026-12
2026-12-21,2026,Q4,12,Dec,21,Monday,52,2026-12
2026-12-22,2026,Q4,12,Dec,22,Tuesday,52,2026-12
2026-12-23,2026,Q4,12,Dec,23,Wednesday,52,2026-12
2026-12-24,2026,Q4,12,Dec,24,Thursday,52,2026-12
2026-12-25,2026,Q4,12,Dec,25,Friday,52,2026-12
2026-12-26,2026,Q4,12,Dec,26,Saturday,52,2026-12
2026-12-27,2026,Q4,12,Dec,27,Sunday,52,2026-12
2026-12-28,2026,Q4,12,Dec,28,Monday,53,2026-12
2026-12-29,2026,Q4,12,Dec,29,Tuesday,53,2026-12
2026-12-30,2026,Q4,12,Dec,30,Wednesday,53,2026-12
2026-12-31,2026,Q4,12,Dec,31,Thursday,53,2026-12
